
--
-- Dumping data for table `role`
--

INSERT INTO `role` (`name`) VALUES 
('HKUNVERIFIED'),
('HK_USER'),
('ADMIN'),
('DEVELOPER');


--
-- Dumping data for table `city`
--

INSERT INTO `city` (`id`, `name`) VALUES
(1, 'NICOBAR'),
(2, 'NORTH AND MIDDLE ANDAMAN'),
(3, 'SOUTH ANDAMAN'),
(4, 'ADILABAD'),
(5, 'ANANTHAPUR'),
(6, 'CHITTOOR'),
(7, 'CUDDAPAH'),
(8, 'EAST GODAVARI'),
(9, 'GUNTUR'),
(10, 'HYDERABAD'),
(11, 'Jammu'),
(12, 'K.V.RANGAREDDY'),
(13, 'KARIM NAGAR'),
(14, 'KHAMMAM'),
(15, 'KRISHNA'),
(16, 'KURNOOL'),
(17, 'MAHBUB NAGAR'),
(18, 'MEDAK'),
(19, 'NALGONDA'),
(20, 'NELLORE'),
(21, 'NIZAMABAD'),
(22, 'PRAKASAM'),
(23, 'SRIKAKULAM'),
(24, 'VIShAKHAPATNAM'),
(25, 'VIZIANAGARAM'),
(26, 'WARANGAL'),
(27, 'WEST GODAVARI'),
(28, 'CHANGLANG'),
(29, 'DIBANG VALLEY'),
(30, 'EAST KAMENG'),
(31, 'EAST SIANG'),
(32, 'KURUNG KUMEY'),
(33, 'LOHIT'),
(34, 'LOWER DIBANG VALLEY'),
(35, 'LOWER SUBANSIRI'),
(36, 'PAPUM PARE'),
(37, 'TAWANG'),
(38, 'TIRAP'),
(39, 'UPPER SIANG'),
(40, 'UPPER SUBANSIRI'),
(41, 'WEST KAMENG'),
(42, 'WEST SIANG'),
(43, 'BARPETA'),
(44, 'BONGAIGAON'),
(45, 'CACHAR'),
(46, 'DARRANG'),(47, 'DELHI'),
(48, 'DHEMAJI'),
(49, 'DHUBRI'),
(50, 'DIBRUGARH'),
(51, 'GOALPARA');

--
-- Dumping data for table `variant_config`
--

INSERT INTO `variant_config` (`id`, `name`) VALUES
(1, 'glasses_gen_config');


--
-- Dumping data for table `variant_config_option`
--

INSERT INTO `variant_config_option` (`id`, `name`, `variant_config_id`, `additional_param`, `display_name`, `display_order`) VALUES
(15, 'RSPH', 1, 'PR', 'Power (SPH)', 100),
(16, 'LSPH', 1, 'PR', 'Power (SPH)', 99),
(17, 'RCY', 1, 'PR', 'Cylinder', 98),
(18, 'LCY', 1, 'PR', 'Cylinder', 97),
(19, 'RAX', 1, 'PR', 'Axis', 96),
(20, 'LAX', 1, 'PR', 'Axis', 95),
(21, 'RAD-POW', 1, 'BF', 'Additional Power', 94),
(22, 'LAD-POW', 1, 'BF', 'Additional Power', 93),
(23, 'RPUP-DIS', 1, 'BF', 'Pupilary Distance', 92),
(24, 'LPUP-DIS', 1, 'BF', 'Pupilary Distance', 91),
(25, 'TH', 1, 'TH', 'Thickness & Material', 90),
(26, 'THBF', 1, 'THBF', 'Thickness & Material Bi focal', 89),
(27, 'CO', 1, 'CO', 'Coating', 88),
(28, 'COBF', 1, 'COBF', 'Coating Bi Focal', 87),
(29, 'BRANDCO', 1, 'BRANDCO', 'Branded Coating', 86),
(30, 'BRANDTH', 1, 'BRANDTH', 'Thickness & Material Branded', 85),
(31, 'BRANDTHBF', 1, 'BRANDTHBF', 'Thickness & Material Bi focal Branded', 84);

--
-- Dumping data for table `variant_config_values`
--

INSERT INTO `variant_config_values` (`id`, `value`, `additonal_price`, `variant_config_option_id`, `display_order`, `cost_price`) VALUES
(1, '-0.25', '0.00', 15, 67, '0.00'),
(2, '-0.5', '0.00', 15, 68, '0.00'),
(3, '-0.75', '0.00', 15, 69, '0.00'),
(4, '-1', '0.00', 15, 70, '0.00'),
(5, '-1.25', '0.00', 15, 71, '0.00'),
(6, '-1.5', '0.00', 15, 72, '0.00'),
(7, '-1.75', '0.00', 15, 73, '0.00'),
(8, '-2', '0.00', 15, 74, '0.00'),
(9, '-2.25', '0.00', 15, 75, '0.00'),
(10, '-2.5', '0.00', 15, 76, '0.00'),
(11, '-2.75', '0.00', 15, 77, '0.00'),
(12, '-3', '0.00', 15, 78, '0.00'),
(13, '-3.25', '0.00', 15, 79, '0.00'),
(14, '-3.5', '0.00', 15, 80, '0.00'),
(15, '-3.75', '0.00', 15, 81, '0.00'),
(16, '-4', '0.00', 15, 82, '0.00'),
(17, '-4.25', '0.00', 15, 83, '0.00'),
(18, '-4.5', '0.00', 15, 84, '0.00'),
(19, '-4.75', '0.00', 15, 85, '0.00'),
(20, '-5', '0.00', 15, 86, '0.00'),
(21, '-5.25', '0.00', 15, 87, '0.00'),
(22, '-5.5', '0.00', 15, 88, '0.00'),
(23, '-5.75', '0.00', 15, 89, '0.00'),
(24, '-6', '0.00', 15, 90, '0.00'),
(25, '-6.25', '0.00', 15, 91, '0.00'),
(26, '-6.5', '0.00', 15, 92, '0.00'),
(27, '-6.75', '0.00', 15, 93, '0.00'),
(28, '-7', '0.00', 15, 94, '0.00'),
(29, '-7.25', '0.00', 15, 95, '0.00'),
(30, '-7.5', '0.00', 15, 96, '0.00'),
(31, '-7.75', '0.00', 15, 97, '0.00'),
(32, '-8', '0.00', 15, 98, '0.00'),
(33, '-8.5', '0.00', 15, 99, '0.00'),
(34, '-9', '0.00', 15, 100, '0.00'),
(35, '0', '0.00', 15, 66, '0.00'),
(36, '0.25', '0.00', 15, 65, '0.00'),
(37, '0.5', '0.00', 15, 64, '0.00'),
(38, '0.75', '0.00', 15, 63, '0.00'),
(39, '1', '0.00', 15, 62, '0.00'),
(40, '1.25', '0.00', 15, 61, '0.00'),
(41, '1.5', '0.00', 15, 60, '0.00'),
(42, '1.75', '0.00', 15, 59, '0.00'),
(43, '2', '0.00', 15, 58, '0.00'),
(44, '2.25', '0.00', 15, 57, '0.00'),
(45, '2.5', '0.00', 15, 56, '0.00'),
(46, '2.75', '0.00', 15, 55, '0.00'),
(47, '3', '0.00', 15, 54, '0.00'),
(48, '3.25', '0.00', 15, 53, '0.00'),
(49, '3.5', '0.00', 15, 52, '0.00'),
(50, '3.75', '0.00', 15, 51, '0.00'),
(51, '4', '0.00', 15, 50, '0.00'),
(52, '4.25', '0.00', 15, 49, '0.00'),
(53, '4.5', '0.00', 15, 48, '0.00'),
(54, '4.75', '0.00', 15, 47, '0.00'),
(55, '5', '0.00', 15, 46, '0.00'),
(56, '5.25', '0.00', 15, 45, '0.00'),
(57, '5.5', '0.00', 15, 44, '0.00'),
(58, '5.75', '0.00', 15, 43, '0.00'),
(59, '6', '0.00', 15, 42, '0.00'),
(60, '6.25', '0.00', 15, 41, '0.00'),
(61, '6.5', '0.00', 15, 40, '0.00'),
(62, '6.75', '0.00', 15, 39, '0.00'),
(63, '7', '0.00', 15, 38, '0.00'),
(64, '7.25', '0.00', 15, 37, '0.00'),
(65, '7.5', '0.00', 15, 36, '0.00'),
(66, '7.75', '0.00', 15, 35, '0.00'),
(67, '8', '0.00', 15, 34, '0.00'),
(68, '8.5', '0.00', 15, 33, '0.00'),
(69, '9', '0.00', 15, 32, '0.00'),
(70, '-0.25', '0.00', 16, 67, '0.00'),
(71, '-0.5', '0.00', 16, 68, '0.00'),
(72, '-0.75', '0.00', 16, 69, '0.00'),
(73, '-1', '0.00', 16, 70, '0.00'),
(74, '-1.25', '0.00', 16, 71, '0.00'),
(75, '-1.5', '0.00', 16, 72, '0.00'),
(76, '-1.75', '0.00', 16, 73, '0.00'),
(77, '-2', '0.00', 16, 74, '0.00'),
(78, '-2.25', '0.00', 16, 75, '0.00'),
(79, '-2.5', '0.00', 16, 76, '0.00'),
(80, '-2.75', '0.00', 16, 77, '0.00'),
(81, '-3', '0.00', 16, 78, '0.00'),
(82, '-3.25', '0.00', 16, 79, '0.00'),
(83, '-3.5', '0.00', 16, 80, '0.00'),
(84, '-3.75', '0.00', 16, 81, '0.00'),
(85, '-4', '0.00', 16, 82, '0.00'),
(86, '-4.25', '0.00', 16, 83, '0.00'),
(87, '-4.5', '0.00', 16, 84, '0.00'),
(88, '-4.75', '0.00', 16, 85, '0.00'),
(89, '-5', '0.00', 16, 86, '0.00'),
(90, '-5.25', '0.00', 16, 87, '0.00'),
(91, '-5.5', '0.00', 16, 88, '0.00'),
(92, '-5.75', '0.00', 16, 89, '0.00'),
(93, '-6', '0.00', 16, 90, '0.00'),
(94, '-6.25', '0.00', 16, 91, '0.00'),
(95, '-6.5', '0.00', 16, 92, '0.00'),
(96, '-6.75', '0.00', 16, 93, '0.00'),
(97, '-7', '0.00', 16, 94, '0.00'),
(98, '-7.25', '0.00', 16, 95, '0.00'),
(99, '-7.5', '0.00', 16, 96, '0.00'),
(100, '-7.75', '0.00', 16, 97, '0.00'),
(407, '1.56 CR Thin plastic', '150.00', 25, 100, '150.00'),
(408, '1.61 CR Very thin plastic', '400.00', 25, 98, '350.00'),
(409, '1.67 CR Very thin plastic', '775.00', 25, 97, '725.00'),
(410, '1.59 CR Thin unbreakable Polycarbonate', '475.00', 25, 96, '425.00'),
(424, '1.5 CR Plastic', '150.00', 25, 99, '150.00'),
(411, '1.50 CR Thin plastic for Bifocal', '450.00', 26, 100, '400.00'),
(412, '1.50 CR Thin plastic for Progressive', '800.00', 26, 99, '750.00'),
(413, '1.56 CR Very Thin plastic for Progressive', '800.00', 26, 98, '750.00'),
(414, 'Standard Anti-Glare', '0.00', 27, 100, '0.00'),
(415, 'Branded Lenses (Zeiss/Crizal)', '600.00', 29, 100, '0.00'),
(416, '1.5 CR Plastic (Crizal)', '150.00', 30, 100, '437.50'),
(417, '1.56 CR Thin plastic (Crizal)', '150.00', 30, 99, '562.50'),
(418, '1.61 CR Very thin plastic (Zeiss)', '400.00', 30, 98, '787.50'),
(419, '1.67 CR Very thin plastic (Zeiss)', '775.00', 30, 97, '887.50'),
(420, '1.59 CR Thin unbreakable Polycarbonate (Crizal)', '475.00', 30, 96, '687.50'),
(421, '1.50 CR Thin plastic for Bifocal (Crizal)', '450.00', 31, 100, '587.50'),
(422, '1.50 CR Thin plastic for Progressive (Crizal)', '800.00', 31, 99, '862.50'),
(423, '1.56 CR Very Thin plastic for Progressive (Crizal)', '800.00', 31, 98, '862.50');




--
-- Dumping data for table `supplier`
--

INSERT INTO `supplier` (`id`, `name`, `state`, `city`, `contact_number`, `contact_person`, `line1`, `line2`, `tin_number`, `pincode`, `create_date`, `update_date`, `brands`, `dam_exp_cond`, `email_id`, `terms_of_trade`, `credit_period`, `margins`) VALUES
(1, 'Healthpoint', 'DELHI', 'New Delhi', NULL, NULL, 'A-21 Basement Amar Colony, Lajpat', 'Nagar-4', '07510305402', NULL, '2012-05-02 10:00:00', '2012-05-02 10:00:00', NULL, NULL, NULL, NULL, NULL, NULL),
(2, 'Decent Healthcare', 'DELHI', 'New Delhi', '9810611270', NULL, '36/05 Ashok Nagar Near tilak Nagar Metro Station', NULL, '07840284026', '110018', '2012-05-02 10:00:00', '2012-05-02 10:00:00', NULL, NULL, NULL, NULL, NULL, NULL),
(3, 'Equinox Overseas Pvt Ltd', 'Delhi', NULL, NULL, NULL, NULL, NULL, NULL, NULL, '2012-05-02 10:00:00', '2012-05-02 10:00:00', NULL, NULL, NULL, NULL, NULL, NULL),
(5, 'Niscomed India Pvt Ltd', 'Delhi', NULL, NULL, NULL, NULL, NULL, NULL, NULL, '2012-05-02 10:00:00', '2012-05-02 10:00:00', NULL, NULL, NULL, NULL, NULL, NULL),
(6, 'Microgene Healthcare', 'Delhi', NULL, NULL, NULL, NULL, NULL, NULL, NULL, '2012-05-02 10:00:00', '2012-05-02 10:00:00', NULL, NULL, NULL, NULL, NULL, NULL),
(9, 'Vaishnavi Surgicals', 'PUNJAB', 'Punjab', '9815160116', NULL, 'Sagar Market, Pindi Street, Ludhiana', NULL, '03572073260', '141008', '2012-06-15 14:31:12', '2012-06-15 14:31:12', NULL, NULL, NULL, NULL, NULL, NULL),
(11, 'Nidek Medical India Pvt. Ltd.', 'DELHI', 'New Delhi', '26165742', NULL, '238 2nd Floor, Ansal Chamber-II, 6', 'Bhakaji Cama Place', '07600254379', '110066', '2012-07-09 12:32:11', '2012-07-09 12:32:11', NULL, NULL, NULL, NULL, NULL, NULL),
(12, 'Vinayak Pharma', 'DELHI', 'New Delhi', '09310461036', 'Mr. Mayank', 'C-123, Lajpat Nagar-1', 'New Delhi', '07690264951', '110024', '2012-05-02 10:00:00', '2012-05-02 10:00:00', NULL, NULL, NULL, NULL, NULL, NULL),
(15, 'Rattan Enterprices', 'Haryana', NULL, NULL, NULL, NULL, NULL, NULL, NULL, '2012-05-02 10:00:00', '2012-05-02 10:00:00', NULL, NULL, NULL, NULL, NULL, NULL),
(16, 'Unique Trader', 'DELHI', 'New Delhi', NULL, NULL, 'C/184, Lajpat Nagar-I', NULL, '07340077303', '110024', '2012-05-02 10:00:00', '2012-05-02 10:00:00', NULL, NULL, NULL, NULL, NULL, NULL),
(17, 'Gulati Traders', 'HARYANA', 'Gurgaon', '9818048012', NULL, '87/8 Marla, Model Town', NULL, '06881922302', NULL, '2012-05-02 10:00:00', '2012-05-02 10:00:00', NULL, NULL, NULL, NULL, NULL, NULL),
(18, 'Shree Shyam Traders', 'HARYANA', 'Gurgaon', '9350507915', NULL, 'A-52, Ashok Vihar, Near Hanuman Mandir', NULL, '06541925690', NULL, '2012-05-02 10:00:00', '2012-05-02 10:00:00', NULL, NULL, NULL, NULL, NULL, NULL),
(20, 'GNC', 'Gurgaon', NULL, NULL, NULL, NULL, NULL, NULL, NULL, '2012-05-02 10:00:00', '2012-05-02 10:00:00', NULL, NULL, NULL, NULL, NULL, NULL),
(21, 'Unlimited Nutrition', 'MAHARASHTRA', 'Mumbai', '23424079', NULL, '58/B, Resham Wala Building, 2nd Floor,', 'Room No. 6, Mohamedali Road', '27340037785', NULL, '2012-05-02 10:00:00', '2012-05-02 10:00:00', NULL, NULL, NULL, NULL, NULL, NULL),
(25, 'Optimum Nutrition', 'Mumbai', NULL, NULL, NULL, NULL, NULL, NULL, NULL, '2012-05-02 10:00:00', '2012-05-02 10:00:00', NULL, NULL, NULL, NULL, NULL, NULL),
(28, 'Navrang Distributors', 'HARYANA', 'Gurgaon', '9999604446/ 7503931562', 'satish', 'Sec-37 Plot No-460 Pace City-II', NULL, '06511936328', NULL, '2012-06-20 12:01:12', '2012-06-20 12:01:12', NULL, NULL, NULL, NULL, NULL, NULL),
(30, 'Sachdeva Distributors', 'HARYANA', 'Gurgaon', '9810735345', NULL, '37, Main Road, Luxmi Garden', NULL, '06271922007', '122001', '2012-05-02 10:00:00', '2012-05-02 10:00:00', NULL, NULL, NULL, NULL, NULL, NULL),
(33, 'Sr Enterprise', 'N', NULL, NULL, NULL, NULL, NULL, NULL, NULL, '2012-05-02 10:00:00', '2012-05-02 10:00:00', NULL, NULL, NULL, NULL, NULL, NULL),
(36, 'Universal Corporation Ltd.', 'HARYANA', NULL, NULL, NULL, NULL, NULL, '06201831496', NULL, '2012-06-25 15:15:32', '2012-06-25 15:15:32', NULL, NULL, NULL, NULL, NULL, NULL),
(40, 'Aditi Marketing', 'HARYANA', 'Gurgaon', '9811603604', NULL, 'H.No-5/8 Model Town', NULL, '06981927388', NULL, '2012-05-02 10:00:00', '2012-05-02 10:00:00', NULL, NULL, NULL, NULL, NULL, NULL),
(41, 'Smart Nutrition', 'New Delhi', NULL, NULL, NULL, NULL, NULL, NULL, NULL, '2012-05-02 10:00:00', '2012-05-02 10:00:00', NULL, NULL, NULL, NULL, NULL, NULL),
(42, 'Beauty Impex Private Limited', 'HARYANA', 'Faridabad', NULL, NULL, 'H.No:1473-7E Faridabad', NULL, '06751216941', '121006', '2012-05-02 10:00:00', '2012-05-02 10:00:00', NULL, NULL, NULL, NULL, NULL, NULL),
(43, 'Lotus Herbals Ltd.', 'DELHI', 'New Delhi', NULL, NULL, 'WZ-572 D, Naraina Village', NULL, '07860262966', NULL, '2012-05-02 10:00:00', '2012-05-02 10:00:00', NULL, NULL, NULL, NULL, NULL, NULL),
(44, 'S.R. Enterprises', 'DELHI', 'New Delhi', '41682941', NULL, 'C-5/39, Safdarjung Development Area', NULL, '07230353086', NULL, '2012-07-09 13:21:20', '2012-07-09 13:21:20', NULL, NULL, NULL, NULL, NULL, NULL),
(45, 'Neulife Store', 'DELHI', 'New Delhi', '41072497', NULL, 'Ground Floor Malviya Nagar', NULL, '07350372517', NULL, '2012-05-02 10:00:00', '2012-05-02 10:00:00', NULL, NULL, NULL, NULL, NULL, NULL),
(46, 'Arora Medical Store', 'HARYANA', 'Gurgaon', '9911115702', NULL, '17/8, Model Town, Pharma Lane, Khandsa', 'Road', '06711915751', '122001', '2012-05-02 10:00:00', '2012-05-02 10:00:00', NULL, NULL, NULL, NULL, NULL, NULL),
(47, 'Aar Dee Distribution House', 'HARYANA', 'Gurgaon', '9312202265', NULL, 'K-50 South City-I', NULL, '06341825890', NULL, '2012-06-07 16:56:15', '2012-06-07 16:56:15', NULL, NULL, NULL, NULL, NULL, NULL),
(49, 'Advanced Agencies', 'HARYANA', 'Gurgaon', '3296688', NULL, '37/22, Ashok Marg, Moti Vihar, South', 'City', '06381824025', NULL, '2012-05-02 10:00:00', '2012-05-02 10:00:00', NULL, NULL, NULL, NULL, NULL, NULL),
(50, 'Girme''s', 'Mahashtra', NULL, NULL, NULL, NULL, NULL, NULL, NULL, '2012-05-02 10:00:00', '2012-05-02 10:00:00', NULL, NULL, NULL, NULL, NULL, NULL),
(51, 'OM Opticians', 'HARYANA', 'Gurgaon', '4202422', NULL, 'Near Ahuja Hospital, New Rly. Road, Daya', 'Nand Colony', '06841931151', NULL, '2012-06-20 12:18:42', '2012-06-20 12:18:42', NULL, NULL, NULL, NULL, NULL, NULL),
(52, 'Cheers Food & Beverages', 'PUNJAB', 'Punjab', '0175-2232273', NULL, 'C-73, Focal Point, Patiala(Punjab)', NULL, '03421127835', NULL, '2012-05-02 10:00:00', '2012-05-02 10:00:00', NULL, NULL, NULL, NULL, NULL, NULL),
(54, 'ARC Distributors', 'MAHARASHTRA', 'Mumbai', '022-26368899', NULL, '5, Parag Bldg, J p Road, Versova,', 'Andheri(West)', '27750633867', '400061', '2012-06-15 13:19:22', '2012-06-15 13:19:22', NULL, NULL, NULL, NULL, NULL, NULL),
(56, 'Guardian lifecare Pvt ltd', 'HARYANA', 'Gurgaon', '408788', NULL, 'Shop No-110, Sec-14, Main Market', NULL, '06461823981', NULL, '2012-05-02 10:00:00', '2012-05-02 10:00:00', NULL, NULL, NULL, NULL, NULL, NULL),
(59, 'Leader Healthcare', 'Delhi', NULL, NULL, NULL, NULL, NULL, NULL, NULL, '2012-05-02 10:00:00', '2012-05-02 10:00:00', NULL, NULL, NULL, NULL, NULL, NULL),
(60, 'Sanrai', 'DELHI', NULL, NULL, NULL, 'Tin Number Applied', NULL, '07000000001', NULL, '2012-05-02 10:00:00', '2012-05-02 10:00:00', NULL, NULL, NULL, NULL, NULL, NULL),
(63, 'Stevi0cal', 'Delhi', NULL, NULL, NULL, NULL, NULL, NULL, NULL, '2012-05-02 10:00:00', '2012-05-02 10:00:00', NULL, NULL, NULL, NULL, NULL, NULL),
(65, 'KTM Healthcare Pvt. Ltd.', 'UTTAR PRADESH', 'Noida', '4561881', NULL, 'D-210, Sec-10, Gautam budh Nagar, Noida', NULL, '09565712450', '201301', '2012-06-16 10:18:16', '2012-06-16 10:18:16', NULL, NULL, NULL, NULL, NULL, NULL),
(67, 'Chahat Distributors', 'DELHI', NULL, NULL, NULL, NULL, NULL, '07880388607', NULL, '2012-05-02 10:00:00', '2012-05-02 10:00:00', NULL, NULL, NULL, NULL, NULL, NULL),
(69, 'Aggarwal Medical & General Store', 'HARYANA', 'Gurgaon', '9810686502', NULL, '541/1 Opp- Bhim Nagar, New Railway Road', NULL, '06391925433', '122001', '2012-05-02 10:00:00', '2012-05-02 10:00:00', NULL, NULL, NULL, NULL, NULL, NULL),
(70, 'WW Group', 'TAMIL NADU', NULL, NULL, NULL, NULL, NULL, '33732392583', NULL, '2012-05-02 10:00:00', '2012-05-02 10:00:00', NULL, NULL, NULL, NULL, NULL, NULL),
(71, 'Rama Impex', 'DELHI', 'New Delhi', '9810010027', NULL, '5180, 2nd Floor, Main Sadar Bazar,', NULL, '07430341239', '110006', '2012-05-02 10:00:00', '2012-05-02 10:00:00', NULL, NULL, NULL, NULL, NULL, NULL),
(74, 'Biotech Trading Pvt. Ltd', 'DELHI', NULL, NULL, 'Siddharth', NULL, NULL, '07780343423', NULL, '2012-07-09 15:56:42', '2012-07-09 15:56:42', NULL, NULL, NULL, NULL, NULL, NULL),
(75, 'Erina Eco Craft Pvt. Ltd.', 'Maharashtra', NULL, NULL, NULL, NULL, NULL, NULL, NULL, '2012-05-02 10:00:00', '2012-05-02 10:00:00', NULL, NULL, NULL, NULL, NULL, NULL),
(76, 'Aax Global', 'KARNATAKA', 'Banglore', '9342537713', NULL, '26/3 Rain Tree Arc HMT Road, Mathikere', NULL, '29210220523', '560054', '2012-05-02 10:00:00', '2012-05-02 10:00:00', NULL, NULL, NULL, NULL, NULL, NULL),
(77, 'Unisafe Technologies', 'DELHI', 'New Delhi', '9999934697', NULL, 'C-126, Naraina Indsl. Area, Phase-I,', NULL, '07160279356', '110028', '2012-05-02 10:00:00', '2012-05-02 10:00:00', NULL, NULL, NULL, NULL, NULL, NULL),
(78, 'Saint Pure', 'DELHI', NULL, '9711097110', 'Maaria', 'M-175, Greater Kailash', NULL, '07040410081', '110048', '2012-05-02 10:00:00', '2012-05-02 10:00:00', NULL, NULL, NULL, NULL, NULL, NULL),
(79, 'SSP Modern Marketing', 'HARYANA', NULL, NULL, NULL, NULL, NULL, '06721931896', NULL, '2012-05-02 10:00:00', '2012-05-02 10:00:00', NULL, NULL, NULL, NULL, NULL, NULL),
(81, 'Rohto Pharma (India) Pvt. Ltd.', 'Haryana', NULL, NULL, NULL, NULL, NULL, NULL, NULL, '2012-05-02 10:00:00', '2012-05-02 10:00:00', NULL, NULL, NULL, NULL, NULL, NULL),
(83, 'Svaasa Nutraceuticals & Organics Pvt. Ltd.', 'DELHI', 'New Delhi', NULL, NULL, 'A-15/17 Vasant Vihaar', NULL, '07370370275', NULL, '2012-07-09 14:33:24', '2012-07-09 14:33:24', NULL, NULL, NULL, NULL, NULL, NULL),
(84, 'Baba Enterprises', 'HARYANA', 'Gurgaon', '9899283851', NULL, '42, Sheetla Mata Road, Behind Akashi', 'Petrol Pump', '06371934756', NULL, '2012-05-02 10:00:00', '2012-05-02 10:00:00', NULL, NULL, NULL, NULL, NULL, NULL),
(85, 'Kanvar Group', 'New Delhi', NULL, NULL, NULL, NULL, NULL, NULL, NULL, '2012-05-02 10:00:00', '2012-05-02 10:00:00', NULL, NULL, NULL, NULL, NULL, NULL),
(87, 'Vertech Health Solutions', 'DELHI', 'New Delhi', '22619103', NULL, 'Shop no-304,IIIrd Floor, V4, Mayur', 'Plaza-V, Plot No-5, Block-G', '07860320293', '110096', '2012-05-02 10:00:00', '2012-05-02 10:00:00', NULL, NULL, NULL, NULL, NULL, NULL),
(88, 'PID Imports India Pvt Ltd.', 'MAHARASHTRA', 'Mumbai', '09820885697', 'Sajid', 'Jeena & Co Warehouse', 'Paras Complex, Nr. Patil Poultry Farm,Falaspha fataa, Panvel', '27210834857', '400054', '2012-07-31 16:24:49', '2012-07-31 16:24:49', NULL, NULL, NULL, NULL, NULL, NULL),
(90, 'Jain Associates', 'HARYANA', 'Hisar', '01663257214', NULL, 'Kila Bazar', 'Hansi', '06101832036', NULL, '2012-05-02 10:00:00', '2012-05-02 10:00:00', NULL, NULL, NULL, NULL, NULL, NULL),
(91, 'Raj Arrey', 'Gurgaon', NULL, NULL, NULL, NULL, NULL, NULL, NULL, '2012-05-02 10:00:00', '2012-05-02 10:00:00', NULL, NULL, NULL, NULL, NULL, NULL),
(92, 'Tablets (India) Limited', 'DELHI', 'New Delhi', NULL, NULL, 'A-10/4, Mayapuri Indl Area, Phase-I', NULL, '07580020426', NULL, '2012-07-09 14:36:11', '2012-07-09 14:36:11', NULL, NULL, NULL, NULL, NULL, NULL),
(93, 'Kannu Impex', 'DELHI', 'New Delhi', '9818213243', NULL, '514, Majestic Tower G-17, Community', 'Center, Vikas Puri', '07590291099', '1100158', '2012-05-02 10:00:00', '2012-05-02 10:00:00', NULL, NULL, NULL, NULL, NULL, NULL),
(95, 'Jain Trading Co.', 'HARYANA', 'Gurgaon', '9811659042', NULL, '169/13, Ahata Pop Singh, Roshanpura', NULL, '06241921199', NULL, '2012-06-16 14:32:55', '2012-06-16 14:32:55', NULL, NULL, NULL, NULL, NULL, NULL),
(97, 'Unicity', 'Bangalore', NULL, NULL, NULL, NULL, NULL, NULL, NULL, '2012-05-02 10:00:00', '2012-05-02 10:00:00', NULL, NULL, NULL, NULL, NULL, NULL),
(98, 'Move-On', 'DELHI', 'New Delhi', '26384384', NULL, 'HO: B-36, Lajpat Nagar-II', NULL, '07830022374', NULL, '2012-05-02 10:00:00', '2012-05-02 10:00:00', NULL, NULL, NULL, NULL, NULL, NULL),
(99, 'Pro-Active Foods Pvt Ltd', 'DELHI', 'New Delhi', NULL, NULL, '16, Karkardooma Community Centre, Vikas', 'Marg Extn', '07350393954', '110092', '2012-05-02 10:00:00', '2012-05-02 10:00:00', NULL, NULL, NULL, NULL, NULL, NULL),
(100, 'Aarkios Health Pvt.Ltd.', 'MAHARASHTRA', 'Mumbai', '22004061', NULL, '3-A Bhagwan Mension 7, Cinema Road,', 'Behind Metro Cinema', '27800674725', '400020', '2012-05-02 10:00:00', '2012-05-02 10:00:00', NULL, NULL, NULL, NULL, NULL, NULL),
(102, 'Euro Cosmetics', 'DELHI', 'New Delhi', NULL, NULL, '122 A Mohammadpur', NULL, '07880319700', '110066', '2012-05-02 10:00:00', '2012-05-02 10:00:00', NULL, NULL, NULL, NULL, NULL, NULL),
(103, 'Old Inventory', 'Haryana', NULL, NULL, NULL, NULL, NULL, NULL, NULL, '2012-05-02 10:00:00', '2012-05-02 10:00:00', NULL, NULL, NULL, NULL, NULL, NULL),
(104, 'Healthy Smiles India', 'DELHI', NULL, NULL, NULL, NULL, NULL, '07170361849', NULL, '2012-06-15 12:54:26', '2012-06-15 12:54:26', NULL, NULL, NULL, NULL, NULL, NULL),
(105, 'Priya Cellulars', 'MAHARASHTRA', NULL, NULL, NULL, NULL, NULL, '27650311009', NULL, '2012-05-02 10:00:00', '2012-05-02 10:00:00', NULL, NULL, NULL, NULL, NULL, NULL),
(106, 'Wellness QED', 'DELHI', 'New Delhi', '29531861', NULL, '322, Neb Sarai', NULL, '07050308177', NULL, '2012-05-02 10:00:00', '2012-05-02 10:00:00', NULL, NULL, NULL, NULL, NULL, NULL),
(108, 'Life Line Surgicals', 'DELHI', 'New Delhi', '9899056911', NULL, 'E-106, Lajpat Nagar-1', NULL, '07040256530', '110024', '2012-05-02 10:00:00', '2012-05-02 10:00:00', NULL, NULL, NULL, NULL, NULL, NULL),
(109, 'Navin Enterprises', 'HARYANA', 'Gurgaon', '0124 - 4268911', NULL, '269/31 B, Rajiv Nagar, Opposite Shiv', 'Mandir', '06861909606', NULL, '2012-05-02 10:00:00', '2012-05-02 10:00:00', NULL, NULL, NULL, NULL, NULL, NULL),
(110, 'M D impex', 'MAHARASHTRA', 'Mumbai', '022-22914507', NULL, 'Office:3, Morarjee Velji Bldg. No.7/A,', 'Kolbhat Lane, Kalbadevi Road', '27970705720', '400002', '2012-05-02 10:00:00', '2012-05-02 10:00:00', NULL, NULL, NULL, NULL, NULL, NULL),
(111, 'Lord & Berry India', 'DELHI', 'New Delhi', NULL, NULL, '42 North West Avenue Punjabi Bagh', NULL, '07150364188', '110026', '2012-05-02 10:00:00', '2012-05-02 10:00:00', NULL, NULL, NULL, NULL, NULL, NULL),
(112, 'Gardenia Cosmocare Pvt Ltd', 'DELHI', 'New Delhi', NULL, NULL, 'B-723, DLF Tower, 7th Floor, Jasola', NULL, '07370347189', '110025', '2012-05-02 10:00:00', '2012-05-02 10:00:00', NULL, NULL, NULL, NULL, NULL, NULL),
(113, 'KNS Trading Pvt Ltd', 'DELHI', NULL, NULL, NULL, NULL, NULL, '07170370579', NULL, '2012-05-02 10:00:00', '2012-05-02 10:00:00', NULL, NULL, NULL, NULL, NULL, NULL),
(114, 'Merquiry Medica', 'Delhi', NULL, NULL, NULL, NULL, NULL, NULL, NULL, '2012-05-02 10:00:00', '2012-05-02 10:00:00', NULL, NULL, NULL, NULL, NULL, NULL),
(115, 'Nourish Organic FOODS PVT. LTD.', 'HARYANA', 'Gurgaon', '0124 2291950', NULL, 'Plot No 56, Sector-6', 'Manesar', '06481931834', NULL, '2012-07-09 12:39:03', '2012-07-09 12:39:03', NULL, NULL, NULL, NULL, NULL, NULL),
(116, 'Radiohms Agenices Ltd', 'DELHI', 'New Delhi', '40500800', NULL, 'B-7/2, Okhla Industrial Area, Phase-II', NULL, '07780327612', '110020', '2012-07-09 13:06:35', '2012-07-09 13:06:35', NULL, NULL, NULL, NULL, NULL, NULL),
(117, 'My Nutrition Supplements Private Limited', 'DELHI', 'New Delhi', NULL, NULL, '53-A/7, Basement, Rama Road Industrial', 'Area', '07700380424', '110015', '2012-05-02 10:00:00', '2012-05-02 10:00:00', NULL, NULL, NULL, NULL, NULL, NULL),
(119, 'Bindal Distributors', 'HARYANA', 'Gurgoan', '9868305045', NULL, 'Shop no-13 ( Basement) New Subji Mandi', 'Ballabgarh', '06041224170', NULL, '2012-05-02 10:00:00', '2012-05-02 10:00:00', NULL, NULL, NULL, NULL, NULL, NULL),
(121, 'Nirman Associates', 'HARYANA', 'Gurgaon', '9873755185', NULL, 'Ardee City, Gate No.4, Bohara Mkt.', 'Waziradabad', '06701215950', NULL, '2012-07-09 12:33:52', '2012-07-09 12:33:52', NULL, NULL, NULL, NULL, NULL, NULL),
(122, 'Ashok Enterprises', 'DELHI', 'New Delhi', '9350812038', NULL, '400, Bagh Kade khan, Opp Community', 'Centre, Padam Nagar', '07090033548', '110007', '2012-05-02 10:00:00', '2012-05-02 10:00:00', NULL, NULL, NULL, NULL, NULL, NULL),
(125, 'Bhagwati Sons Vyapaar Pvt Ltd', 'Gurgaon', NULL, NULL, NULL, NULL, NULL, NULL, NULL, '2012-05-02 10:00:00', '2012-05-02 10:00:00', NULL, NULL, NULL, NULL, NULL, NULL),
(126, 'Tri-Star Products Pvt', 'UTTAR PRADESH', NULL, NULL, NULL, NULL, NULL, '09465800626', NULL, '2012-07-09 14:48:09', '2012-07-09 14:48:09', NULL, NULL, NULL, NULL, NULL, NULL),
(129, 'Chiranjee International', 'HARYANA', 'Gurgaon', NULL, NULL, 'Sec-4, Basai Road, Behind Ansal kataria', 'Service Station, Village- Basai', '06711931756', NULL, '2012-05-02 10:00:00', '2012-05-02 10:00:00', NULL, NULL, NULL, NULL, NULL, NULL),
(130, 'Mahendera Medical & General Store', 'HARYANA', 'Gurgaon', '9818616621', NULL, '297-B Mianwali Colony, Gurgaon', NULL, '06791913379', '122001', '2012-07-10 11:37:34', '2012-07-10 11:37:34', NULL, NULL, NULL, NULL, NULL, NULL),
(132, 'Abbott Healthcare Pvt. Ltd.', 'CHANDIGARH', 'Chandigarh', '0172 2792967', NULL, 'Sector 26', NULL, '04450017443', '160019', '2012-07-09 11:41:19', '2012-07-09 11:41:19', NULL, NULL, NULL, NULL, NULL, NULL),
(134, 'VNS Marketing Pvt Ltd', 'DELHI', NULL, NULL, NULL, NULL, NULL, '07380241308', NULL, '2012-05-02 10:00:00', '2012-05-02 10:00:00', NULL, NULL, NULL, NULL, NULL, NULL),
(137, 'Medihelp Healthcare Pvt. Ltd.', 'DELHI', 'NEW DELHI', NULL, 'MANISH', '6052/1,D-6,VASANT KUNJ,NEW DELHI', NULL, '07630380802', '110070', '2012-06-16 10:37:47', '2012-06-16 10:37:47', NULL, NULL, NULL, NULL, NULL, NULL),
(138, 'Morepen Laboratories Ltd', 'DELHI', 'New Delhi', '09810088719', 'Mr. C.M. Kaul', 'AG-82, Sanjay Gandhi Transport Nagar', 'Delhi', '07770133278', '110042', '2012-06-15 13:11:18', '2012-06-15 13:11:18', NULL, NULL, NULL, NULL, NULL, NULL),
(139, 'Mediquip Systems', 'HARYANA', 'Gurgaon', '4078202', NULL, '3-4 MC Market Near Police Post', NULL, '06121919713', NULL, '2012-05-02 10:00:00', '2012-05-02 10:00:00', NULL, NULL, NULL, NULL, NULL, NULL),
(141, 'Asro Enterprises', 'DELHI', 'New Delhi', '9717289337', NULL, 'H.No-152 ( Basement), Sant Nagar(Near', 'Gurdwara)', '07090403409', NULL, '2012-05-02 10:00:00', '2012-05-02 10:00:00', NULL, NULL, NULL, NULL, NULL, NULL),
(146, 'Seward Systems Medical Pvt Ltd', 'DELHI', 'delhi', '09820426011', 'Param', '2nd floor WZ-106/138', 'Rajauri Garden', '07070410113', '110027', '2012-07-09 14:12:05', '2012-07-09 14:12:05', NULL, NULL, NULL, NULL, NULL, NULL),
(147, 'Aryan Medicare Pvt Ltd', 'HARYANA', 'Gurgaon', '9990041109', NULL, '4/45, Shivaji Gurgaon', NULL, '06731917195', NULL, '2012-07-09 15:42:22', '2012-07-09 15:42:22', NULL, NULL, NULL, NULL, NULL, NULL),
(148, 'Gupta Traders', 'HARYANA', NULL, NULL, NULL, NULL, NULL, '06261920315', NULL, '2012-05-02 10:00:00', '2012-05-02 10:00:00', NULL, NULL, NULL, NULL, NULL, NULL),
(149, 'Om Sai Ram Sales', 'HARYANA', 'Gurgaon', NULL, NULL, '71/02, New Dayanand Colony,', 'New Railway Road', '06231933087', '122001', '2012-05-02 10:00:00', '2012-05-02 10:00:00', NULL, NULL, NULL, NULL, NULL, NULL),
(150, 'Vedic Natural Care Pvt Ltd', 'DELHI', NULL, '9650398429', 'Mr.Nagendra', NULL, NULL, '07880394002', NULL, '2012-05-02 10:00:00', '2012-05-02 10:00:00', NULL, NULL, NULL, NULL, NULL, NULL),
(151, 'Headrush Marketing Pvt. Ltd.', 'MAHARASHTRA', NULL, NULL, NULL, NULL, NULL, '27300024906', NULL, '2012-05-02 10:00:00', '2012-05-02 10:00:00', NULL, NULL, NULL, NULL, NULL, NULL),
(153, 'Gaur Sons Enterprises', 'Delhi', 'New Delhi', '989775575', NULL, '573, Chirag Delhi', 'New Delhi', '07120350576', '110017', '2012-05-02 10:00:00', '2012-05-02 10:00:00', NULL, NULL, NULL, NULL, NULL, NULL),
(155, 'JSB', 'Gurgaon', NULL, NULL, NULL, NULL, NULL, NULL, NULL, '2012-05-02 10:00:00', '2012-05-02 10:00:00', NULL, NULL, NULL, NULL, NULL, NULL),
(156, 'GL Parnami Marketing Company', 'Haryana', NULL, NULL, NULL, NULL, NULL, NULL, NULL, '2012-05-02 10:00:00', '2012-05-02 10:00:00', NULL, NULL, NULL, NULL, NULL, NULL),
(158, 'Dreamcann Foods Pvt Ltd', 'DELHI', 'New Delhi', '26366642', NULL, '47 Commnity Centre', 'Capital Trust House', '07810291754', '110025', '2012-05-02 10:00:00', '2012-05-02 10:00:00', NULL, NULL, NULL, NULL, NULL, NULL),
(160, 'Tynor', 'Mohali', NULL, NULL, NULL, NULL, NULL, NULL, NULL, '2012-05-02 10:00:00', '2012-05-02 10:00:00', NULL, NULL, NULL, NULL, NULL, NULL),
(161, 'Neev Wellness', 'DELHI', 'New Delhi', '011 26491222', NULL, 'C-21, New Panchsheel Park', NULL, '07520387313', '110017', '2012-05-02 10:00:00', '2012-05-02 10:00:00', NULL, NULL, NULL, NULL, NULL, NULL),
(167, 'Norma DND Products Pvt. Ltd', 'DELHI', 'NEW DELHI', NULL, 'Ashok Sharma', 'NORMA Complex,DDA Mrkt,J-Block,Vikas Puri', NULL, '07020280306', '110018', '2012-05-02 10:00:00', '2012-05-02 10:00:00', NULL, NULL, NULL, NULL, NULL, NULL),
(169, 'Saify Traders', 'MADHYA PRADESH', 'Indore', '09165608875', 'Ali Asgar', '120-121-151,Ground Floor,Dawa Bazar,13-14,R.N.T. Marg,', NULL, '23150901401', '452002', '2012-05-02 10:00:00', '2012-05-02 10:00:00', NULL, NULL, NULL, NULL, NULL, NULL),
(170, 'Healthy World', 'DELHI', 'New Delhi', '9999909137', NULL, 'Flat No 239, Patpar Ganj Indl Area', NULL, '07530397735', NULL, '2012-05-02 10:00:00', '2012-05-02 10:00:00', NULL, NULL, NULL, NULL, NULL, NULL),
(171, 'United Distributors', 'DELHI', 'New Delhi', NULL, NULL, 'New Delhi', NULL, '07310389223', '110063', '2012-05-02 10:00:00', '2012-05-02 10:00:00', NULL, NULL, NULL, NULL, NULL, NULL),
(172, 'Vardhman Nutritions', 'HARYANA', 'Gurgaon', '9811391145', 'Rajesh', 'OPP HOTEL PLAZA SOLITARE', 'Old delhi Road', '06521930842', '122001', '2012-07-09 14:53:53', '2012-07-09 14:53:53', NULL, NULL, NULL, NULL, NULL, NULL),
(173, 'Rahul Sales ltd', 'DELHI', 'New delhi', NULL, 'manish', 'Atma ram house', 'Toltoy Road', '07510363408', NULL, '2012-05-02 10:00:00', '2012-05-02 10:00:00', NULL, NULL, NULL, NULL, NULL, NULL),
(174, 'Perfect Nutrition Inc', 'MAHARASHTRA', 'Mumbai', NULL, NULL, 'Mumbai', NULL, '27190062845', '400002', '2012-05-02 10:00:00', '2012-05-02 10:00:00', NULL, NULL, NULL, NULL, NULL, NULL),
(176, 'Trinitron Softech Pvt. Ltd.', 'HARYANA', NULL, NULL, NULL, NULL, NULL, '06231825999', NULL, '2012-06-20 12:36:56', '2012-06-20 12:36:56', NULL, NULL, NULL, NULL, NULL, NULL),
(177, 'Chauhan Agencies', 'HARYANA', NULL, NULL, NULL, NULL, NULL, '06841934740', NULL, '2012-05-02 10:00:00', '2012-05-02 10:00:00', NULL, NULL, NULL, NULL, NULL, NULL),
(178, 'Brushman (India) Limited', 'DELHI', NULL, NULL, NULL, NULL, NULL, '07020121905', NULL, '2012-05-02 10:00:00', '2012-05-02 10:00:00', NULL, NULL, NULL, NULL, NULL, NULL),
(179, 'Surendra Agencies', 'DELHI', NULL, NULL, NULL, NULL, NULL, '07550122535', NULL, '2012-05-02 10:00:00', '2012-05-02 10:00:00', NULL, NULL, NULL, NULL, NULL, NULL),
(180, 'G L Parnami Marketing Co.', 'HARYANA', 'Gurgaon', NULL, NULL, '189/2/1. Civil', 'Opp. Ganga Appartment', '06921922668', NULL, '2012-06-16 16:40:54', '2012-06-16 16:40:54', NULL, NULL, NULL, NULL, NULL, NULL),
(181, 'J R Sachdeva Marketing', 'HARYANA', 'Gurgaon', '9810772134', NULL, '210/25,4-Marla', 'Model Town', '06501927361', '122001', '2012-06-20 13:08:08', '2012-06-20 13:08:08', NULL, NULL, NULL, NULL, NULL, NULL),
(182, 'Services Supplier', 'HARYANA', NULL, NULL, NULL, NULL, NULL, '06129834762', NULL, '2012-05-02 10:00:00', '2012-05-02 10:00:00', NULL, NULL, NULL, NULL, NULL, NULL),
(183, 'Sivian Imports', 'DELHI', 'New Delhi', NULL, 'Umesh', 'JH-9, Khirki Ext', 'Malviya Nagar', '07620311695', NULL, '2012-05-02 10:00:00', '2012-05-02 10:00:00', NULL, NULL, NULL, NULL, NULL, NULL),
(184, 'Gemini Therapeutics', 'DELHI', 'New Delhi', '011-25417501', 'Siddharth', 'J-3/188-B, Nehru Market', 'Rajauri Garden', '07280128455', NULL, '2012-05-02 10:00:00', '2012-05-02 10:00:00', NULL, NULL, NULL, NULL, NULL, NULL),
(185, 'Acupressure Health Care International', 'DELHI', 'NEW DELHI', NULL, 'Kishore', NULL, NULL, '07880389055', NULL, '2012-06-16 10:28:31', '2012-06-16 10:28:31', NULL, NULL, NULL, NULL, NULL, NULL),
(186, 'Operon Biotech & Healthcare', 'KARNATAKA', 'Banglore', NULL, NULL, '37,2nd floor, B-2, Sneha Jyothi,', 'Srinivagalu Main Road,Koramangala Ring Road', '29970806567', '47', '2012-05-02 10:00:00', '2012-05-02 10:00:00', NULL, NULL, NULL, NULL, NULL, NULL),
(187, 'Klick2buy ventures Pvt. Ltd.', 'DELHI', 'New Delhi', '9999447601', NULL, 'E-370, Yadav Nagar', NULL, '07470386904', '110042', '2012-05-02 10:00:00', '2012-05-02 10:00:00', NULL, NULL, NULL, NULL, NULL, NULL),
(188, 'Stag International', 'UTTAR PRADESH', 'Meerut', '09997669999', 'Pranav Kohli', '23, Victoria Park', 'Sports Colony', '09178300966', '250001', '2012-05-02 10:00:00', '2012-05-02 10:00:00', NULL, NULL, NULL, NULL, NULL, NULL),
(189, 'Grandslam Fitness Pvt. Ltd.', 'HARYANA', 'Gurgaon', '09313313955', 'Mr. Pankaj', 'Shop No. 19,1st Floor', 'Metropolitan Mall, M.G. Road', '06181822971', NULL, '2012-07-09 18:38:00', '2012-07-09 18:38:00', NULL, NULL, NULL, NULL, NULL, NULL),
(190, 'Cardio Fitness India Pvt. Ltd.', 'DELHI', 'New Delhi', '09818154411', 'Sanjay Jha', 'B-23 Okhla Industrial Area', 'Phase-2', '07210182862', '110020', '2012-05-02 10:00:00', '2012-05-02 10:00:00', NULL, NULL, NULL, NULL, NULL, NULL),
(191, 'Purecon Lenses Pvt Ltd', 'DELHI', 'New Delhi', '9899669977', 'Amandeep', '90/52,malviya Nagar,New Delhi -110017', NULL, '07840163552', '110017', '2012-05-02 10:00:00', '2012-05-02 10:00:00', NULL, NULL, NULL, NULL, NULL, NULL),
(192, 'Bhavika Sales Agency', 'HARYANA', 'Gurgaon', NULL, NULL, '220/12,', 'Krishna Colony', '06951930072', '122001', '2012-05-02 10:00:00', '2012-05-02 10:00:00', NULL, NULL, NULL, NULL, NULL, NULL),
(193, 'Senera Plus', 'DELHI', NULL, NULL, NULL, NULL, NULL, '07160332706', NULL, '2012-05-02 10:00:00', '2012-05-02 10:00:00', NULL, NULL, NULL, NULL, NULL, NULL),
(194, 'Neulife Nutrition Systems Pvt Ltd', 'MAHARASHTRA', 'Mumbai', 'NA', 'Varsha', 'A-11,Shriram Industrial Estate', 'Near Wadala Telephone Exchange', '27425236165', '400031', '2012-07-09 12:29:44', '2012-07-09 12:29:44', NULL, NULL, NULL, NULL, NULL, NULL),
(195, 'HVM Network Pvt. Ltd.', 'DELHI', 'New Delhi', NULL, NULL, '395 Shahpur Jat', 'New Delhi', '07950234544', '110049', '2012-05-02 10:00:00', '2012-05-02 10:00:00', NULL, NULL, NULL, NULL, NULL, NULL),
(196, 'Spencer', 'HARYANA', NULL, NULL, NULL, NULL, NULL, '06xxxxxxxxx', NULL, '2012-05-02 10:00:00', '2012-05-02 10:00:00', NULL, NULL, NULL, NULL, NULL, NULL),
(197, 'SHUBHAM', 'HARYANA', NULL, NULL, NULL, NULL, NULL, '06851922949', NULL, '2012-05-02 10:00:00', '2012-05-02 10:00:00', NULL, NULL, NULL, NULL, NULL, NULL),
(198, 'Hallmark', 'HARYANA', NULL, NULL, NULL, NULL, NULL, '06221922471', NULL, '2012-05-02 10:00:00', '2012-05-02 10:00:00', NULL, NULL, NULL, NULL, NULL, NULL),
(199, 'Sanrai Retails', 'DELHI', 'New Delhi', NULL, NULL, '25/14, East patel nagar', 'New Delhi', '07160396241', NULL, '2012-05-02 10:00:00', '2012-05-02 10:00:00', NULL, NULL, NULL, NULL, NULL, NULL),
(200, 'Oriyanna Health Network Pvt Ltd', 'TAMIL NADU', 'Chennai', NULL, NULL, '15 New Giri Road', 'T.Nagar ,Chennai', '33111562604', NULL, '2012-05-02 10:00:00', '2012-05-02 10:00:00', NULL, NULL, NULL, NULL, NULL, NULL),
(201, 'Shubham Trading Company', 'HARYANA', 'Gurgaon', NULL, NULL, '124/9, Shiv Puri,', 'Gurgaon', '06161926675', '122001', '2012-05-02 10:00:00', '2012-05-02 10:00:00', NULL, NULL, NULL, NULL, NULL, NULL),
(202, 'ALL WEB INFOTECH', 'MAHARASHTRA', 'Mumbai', NULL, 'Mr. Hardik Vora', 'Govardhan tower,1st floor,', 'Near HDFC bank', '2742availab', '401101', '2012-05-02 10:00:00', '2012-05-02 10:00:00', NULL, NULL, NULL, NULL, NULL, NULL),
(203, 'Vaadi Herbals Pvt. Ltd', 'DELHI', 'New Delhi', '9911771513', 'Rahul/Vaibhav', 'Rajvaidya Bhawan 285 G T Road.Opp Friends Colony', 'Industrial Area Shahdara Delhi, Near GTB Enclave Thana, Shahadara', '07390294507', NULL, '2012-05-02 10:00:00', '2012-05-02 10:00:00', NULL, NULL, NULL, NULL, NULL, NULL),
(204, 'PEARL ELECTRONICS', 'DELHI', 'Delhi', '98100-36731', 'Vijay Kukreja', 'B-118, 2nd. Floor, G.T.K.Road,  Indl. Area.', NULL, '07630169148', '110033', '2012-05-02 10:00:00', '2012-05-02 10:00:00', NULL, NULL, NULL, NULL, NULL, NULL),
(205, 'Global Healthline Pvt.Ltd.', 'HARYANA', 'Gurgaon', NULL, NULL, 'SCF-93,Main Market,', 'Sec-14,Gurgaon', '06641823203', '122001', '2012-05-02 10:00:00', '2012-05-02 10:00:00', NULL, NULL, NULL, NULL, NULL, NULL),
(206, 'Prime Herbonix Health Products Pvt. Ltd.', 'MAHARASHTRA', 'Pune', NULL, 'amit', 'Suite 63, Patil Arcade,', 'Near Sharada Center, Off Karve Road,', '27180056012', '411 004', '2012-07-09 12:52:23', '2012-07-09 12:52:23', NULL, NULL, NULL, NULL, NULL, NULL),
(207, 'Beauty International', 'MAHARASHTRA', 'Mumbai', NULL, NULL, '138 S.V.Road, Opp.Khar Masjid', 'Khar(W)', '27440788025', '52', '2012-05-02 10:00:00', '2012-05-02 10:00:00', NULL, NULL, NULL, NULL, NULL, NULL),
(208, 'Shubhi Toys', 'HARYANA', 'Gurgaon', NULL, NULL, '15,Sanjay Gram,', 'Opp.plaza Solitaire', '06031920781', '122001', '2012-05-02 10:00:00', '2012-05-02 10:00:00', NULL, NULL, NULL, NULL, NULL, NULL),
(209, 'Anvee Overseas', 'DELHI', 'New Delhi', '9958690304', 'SS Gosh', 'K-2 Lajpat nagar-3', NULL, '07740205996', '110024', '2012-05-02 10:00:00', '2012-05-02 10:00:00', NULL, NULL, NULL, NULL, NULL, NULL),
(210, 'FabIndia Overseas pvt Ltd', 'DELHI', 'New Delhi', NULL, NULL, 'B-53 Okhla Phase-I', 'New Delhi', '07410050832', '110020', '2012-05-02 10:00:00', '2012-05-02 10:00:00', NULL, NULL, NULL, NULL, NULL, NULL),
(211, 'Soccer International Pvt. Ltd.', 'PUNJAB', 'Jalandhar', '09592300924', 'Ashish', 'Basti Sheikh Road', NULL, '03921111652', '144008', '2012-05-02 10:00:00', '2012-05-02 10:00:00', NULL, NULL, NULL, NULL, NULL, NULL),
(212, 'Freewill Sports Pvt. Ltd.', 'PUNJAB', 'jalandhar', '09779076297', 'Mr. Puneet', 'S-32, industrial area', NULL, '03351103575', '144004', '2012-05-02 10:00:00', '2012-05-02 10:00:00', NULL, NULL, NULL, NULL, NULL, NULL),
(213, 'BRIGHT BROTHERS LIMITED', 'MAHARASHTRA', 'THANE ( WEST)', NULL, NULL, 'B-54, WAGLE INDUSTRIAL ESTATE', 'ROAD NO.33, DNYANESHWAR NAGAR', '27750262939', '400 604', '2012-05-02 10:00:00', '2012-05-02 10:00:00', NULL, NULL, NULL, NULL, NULL, NULL),
(214, 'MasterPiece Collections India Pvt. Ltd.', 'KARNATAKA', 'Bangalore', NULL, 'Mr. Ravi Kumar', NULL, NULL, '29610834507', '560002', '2012-06-15 15:04:28', '2012-06-15 15:04:28', NULL, NULL, NULL, NULL, NULL, NULL),
(215, 'Organic India Pvt. Ltd.', 'UTTAR PRADESH', 'Lucknow', NULL, NULL, NULL, NULL, '09852301220', NULL, '2012-06-15 18:21:11', '2012-06-15 18:21:11', NULL, NULL, NULL, NULL, NULL, NULL),
(216, 'Ujjwal Enterprises', 'HARYANA', 'Gurgaon', NULL, NULL, 'Khandsa Road', 'Opp-Rama Hospital', '06901930633', '122001', '2012-05-02 10:00:00', '2012-05-02 10:00:00', NULL, NULL, NULL, NULL, NULL, NULL),
(217, 'Religare Wellness', 'HARYANA', 'gurgaon', NULL, NULL, 'Huda Shopping centre', 'Sec-14', '06531826901', '122001', '2012-05-02 10:00:00', '2012-05-02 10:00:00', NULL, NULL, NULL, NULL, NULL, NULL),
(218, 'Delhi Enterprises', 'DELHI', 'New Delhi', NULL, NULL, 'B-97/2, Naraina Industrial Area', 'Phase-1', '07100380948', '110028', '2012-05-02 10:00:00', '2012-05-02 10:00:00', NULL, NULL, NULL, NULL, NULL, NULL),
(219, 'Kundan Care Product Ltd', 'HARYANA', 'Gurgaon', NULL, NULL, NULL, NULL, '067xxxxxxxx', NULL, '2012-05-02 10:00:00', '2012-05-02 10:00:00', NULL, NULL, NULL, NULL, NULL, NULL),
(220, 'Payal Agencies', 'DELHI', 'Delhi', NULL, 'Himanshu', 'A-51,Triloki Colony', 'Bapu Park,Kotla Mubarakpur', '07840177035', '110003', '2012-05-02 10:00:00', '2012-05-02 10:00:00', NULL, NULL, NULL, NULL, NULL, NULL),
(221, 'CHARISMATIC MEDICARE PVT LTD(BREMED)', 'DELHI', 'NEW DELHI', NULL, 'Anish Pandey', 'F-315 , Lado Sarai', NULL, '07480245909', '110030', '2012-05-02 10:00:00', '2012-05-02 10:00:00', NULL, NULL, NULL, NULL, NULL, NULL),
(222, 'Totla International', 'RAJASTHAN', 'Jaipur', '9166333333', NULL, 'B-11, Shanti Nagar', 'Ajmer Road', '08714053792', '302006', '2012-05-02 10:00:00', '2012-05-02 10:00:00', NULL, NULL, NULL, NULL, NULL, NULL),
(223, 'S.P.Sales', 'HARYANA', 'Gurgaon', '8743002005', 'Hemant', 'Basement,R-70,', 'New Colony', '06451927243', '122001', '2012-05-02 10:00:00', '2012-05-02 10:00:00', NULL, NULL, NULL, NULL, NULL, NULL),
(224, 'Suhag Churi Bhandar', 'HARYANA', 'Gurgaon', NULL, NULL, NULL, NULL, '06891915749', NULL, '2012-05-02 10:00:00', '2012-05-02 10:00:00', NULL, NULL, NULL, NULL, NULL, NULL),
(225, 'Devinder Medical Hall', 'HARYANA', 'gurgaon', NULL, NULL, 'Near Railway Road', 'gurgaon', '06531913522', '122001', '2012-05-02 10:00:00', '2012-05-02 10:00:00', NULL, NULL, NULL, NULL, NULL, NULL),
(226, 'Pulsatom Health Care Pvt Ltd.', 'KARNATAKA', 'Bangalore', NULL, NULL, '86D2/A 3rd Main, Industrial Suburb, Yeshwanthpur,', 'Bangalore - 560 022', '29030089769', '560 022', '2012-05-02 10:00:00', '2012-05-02 10:00:00', NULL, NULL, NULL, NULL, NULL, NULL),
(227, 'Birla Cellulosic', 'HARYANA', 'Faridabad', NULL, NULL, '20-A, Dhanda Complex', 'sec-24', '06261100665', '121001', '2012-05-02 10:00:00', '2012-05-02 10:00:00', NULL, NULL, NULL, NULL, NULL, NULL),
(228, 'Beckcem Drug International Pvt. Ltd.', 'DELHI', 'NEW DELHI', NULL, NULL, 'J-16B,2nd Floor,Central Market', 'Lajpat Nagar-II', '07140050544', '110024', '2012-07-09 11:51:25', '2012-07-09 11:51:25', NULL, NULL, NULL, NULL, NULL, NULL),
(229, 'Gupta Chemist', 'HARYANA', 'Gurgaon', NULL, NULL, 'B-109,Supar Mart-I,', 'DLF City,ph-II', '06891831068', '122002', '2012-05-02 10:00:00', '2012-05-02 10:00:00', NULL, NULL, NULL, NULL, NULL, NULL),
(230, 'Best IT World India Pvt Ltd', 'DELHI', 'delhi', NULL, NULL, 'B-1,3rd floor, Ashok Bhawan', '93. Nehru Place', '070notavail', NULL, '2012-07-09 15:51:01', '2012-07-09 15:51:01', NULL, NULL, NULL, NULL, NULL, NULL),
(231, 'Suri Surgicals', 'DELHI', 'Delhi', NULL, NULL, '1574/3, Bhagirath Palace', 'Chandni Chowk', '07050147060', '110006', '2012-05-02 10:00:00', '2012-05-02 10:00:00', NULL, NULL, NULL, NULL, NULL, NULL),
(232, 'M V LEATHER PRODUCTS', 'TAMIL NADU', 'COIMBATORE', NULL, 'K.S.MOHAN', '675 A, PONNAI GOUNDER STREET', 'R S PURAM,', '33142002725', '641002', '2012-05-02 10:00:00', '2012-05-02 10:00:00', NULL, NULL, NULL, NULL, NULL, NULL),
(233, 'B.S. Marketing Co.', 'DELHI', 'New Delhi', '011-26883481/9810015584', 'Mukesh', '79, Satya Niketan Moti Bagh-11', 'new delhi 110021', '07620166292', '110021', '2012-05-02 10:00:00', '2012-05-02 10:00:00', NULL, NULL, NULL, NULL, NULL, NULL),
(234, 'J.L.Morison', 'HARYANA', NULL, NULL, NULL, NULL, NULL, '06302502099', NULL, '2012-05-02 10:00:00', '2012-05-02 10:00:00', NULL, NULL, NULL, NULL, NULL, NULL),
(235, 'TYNOR INDIA PVT LTD', 'HARYANA', 'Panchkula', NULL, 'Jessy Sebastian', NULL, NULL, '06602506008', '134113', '2012-07-12 15:52:22', '2012-07-12 15:52:22', NULL, NULL, NULL, NULL, NULL, NULL),
(236, 'Zen Hygiene Pvt. Ltd', 'MAHARASHTRA', 'Mumbai', '9811359688', 'Yatender Sharma', '701 Darshan Heights, Chikuwadi', 'Borivali (W)', '27600808889', '400 092', '2012-05-02 10:00:00', '2012-05-02 10:00:00', NULL, NULL, NULL, NULL, NULL, NULL),
(237, 'HJ Hygiene', 'GUJARAT', 'Ahemdabad', NULL, NULL, '302, Medicine Market, Opp Shefali Centre, Paldi Cross Road Paldi Ahmedabad  Gujarat', NULL, '24073903618', '380006', '2012-05-02 10:00:00', '2012-05-02 10:00:00', NULL, NULL, NULL, NULL, NULL, NULL),
(238, 'Himalayan Times Private Ltd', 'HARYANA', 'Faridabad', NULL, 'Ajay Jain', 'Shop No.B-505B', 'Nehru Nagar', '06731218407', NULL, '2012-05-02 10:00:00', '2012-05-02 10:00:00', NULL, NULL, NULL, NULL, NULL, NULL),
(239, 'Roche Diagnostics India Pvt Ltd', 'DELHI', 'New Delhi', '09811547146', 'Mr. Shailander Tripathi', 'C-41, Okhala Industrial Area,', 'Phase-2 okhala', '07930156276', '110020', '2012-05-02 10:00:00', '2012-05-02 10:00:00', NULL, NULL, NULL, NULL, NULL, NULL),
(240, 'Color Bar Cosmetics Private Limited', 'HARYANA', NULL, '09867544459', 'Neeraj/Colorbar', NULL, NULL, '06402506021', NULL, '2012-05-02 10:00:00', '2012-05-02 10:00:00', NULL, NULL, NULL, NULL, NULL, NULL),
(241, 'Cosmic Nutracos Solutions Pvt. Ltd.', 'DELHI', 'New Delhi', '9873707170', NULL, 'E-264, Tagore Garden Extn', NULL, '07250339204', '110027', '2012-05-02 10:00:00', '2012-05-02 10:00:00', NULL, NULL, NULL, NULL, NULL, NULL),
(242, 'Needs Supermarket', 'HARYANA', NULL, NULL, NULL, NULL, NULL, '06241821677', NULL, '2012-05-02 10:00:00', '2012-05-02 10:00:00', NULL, NULL, NULL, NULL, NULL, NULL),
(243, 'Arya Medical Store', 'HARYANA', 'Gurgaon', NULL, NULL, NULL, NULL, '06751924653', '122001', '2012-05-02 10:00:00', '2012-05-02 10:00:00', NULL, NULL, NULL, NULL, NULL, NULL),
(244, 'Pasricha Medicose', 'HARYANA', 'Gurgaon', NULL, NULL, '394/2.MG Road,', 'opp.Govt.College', '06841913400', NULL, '2012-05-02 10:00:00', '2012-05-02 10:00:00', NULL, NULL, NULL, NULL, NULL, NULL),
(245, 'Nobel Hygiene Pvt Ltd', 'MAHARASHTRA', 'Nasik', '08901291156', 'Yogender', 'A-70,M.I.D.C,, Sinnar', 'Dist.Nasik', '27955208859', '422103', '2012-05-02 10:00:00', '2012-05-02 10:00:00', NULL, NULL, NULL, NULL, NULL, NULL),
(246, 'Salora International Limited', 'HARYANA', 'Gurgaon', NULL, 'J.S Rawat', 'Shop 565 , Main Madan Puri Road', NULL, '06663007077', '122001', '2012-05-02 10:00:00', '2012-05-02 10:00:00', NULL, NULL, NULL, NULL, NULL, NULL),
(247, 'Mittal Distributors', 'HARYANA', 'Gurgaon', '9911177103', 'Mr. Mittal', '92/29, Basement, Kriti Nagar,', 'Jharsa Road', '06561921605', '122001', '2012-05-02 10:00:00', '2012-05-02 10:00:00', NULL, NULL, NULL, NULL, NULL, NULL),
(248, 'Metro Surgicals', 'KARNATAKA', 'Bangalore', NULL, 'Niketan Agarwal', 'No. 120, 2nd Floor, 6th C Main 4th Block, Jayanagar, Bangalore - 560 011', NULL, '29950609474', NULL, '2012-05-02 10:00:00', '2012-05-02 10:00:00', NULL, NULL, NULL, NULL, NULL, NULL),
(249, 'Hicks Thermometers ( India) Limited', 'UTTAR PRADESH', 'Aligarh', NULL, NULL, 'A-12&13,Industrial Estate', NULL, '09125200006', '202001', '2012-06-18 18:10:01', '2012-06-18 18:10:01', NULL, NULL, NULL, NULL, NULL, NULL),
(250, 'Johnson & Johnson Limited', 'DELHI', 'New Delhi', '011-25441277', 'Ms. Hemlata', 'Imperial Marketing Services India Pvt. ltd.', '9/43, Kriti Nagar', '07490030709', '110015', '2012-05-02 10:00:00', '2012-05-02 10:00:00', NULL, NULL, NULL, NULL, NULL, NULL),
(251, 'J.K.Helene Curtis Ltd', 'HARYANA', NULL, '9213421875', 'Gurpreet/Park Avenue', NULL, NULL, '06431025833', NULL, '2012-06-07 16:47:58', '2012-06-07 16:47:58', NULL, NULL, NULL, NULL, NULL, NULL),
(252, 'Manisha International Pvt Ltd', 'DELHI', 'Delhi', NULL, 'Umesh', 'J-2/16, Khirki extension', 'Malviya nagar', '07070191863', NULL, '2012-05-02 10:00:00', '2012-05-02 10:00:00', NULL, NULL, NULL, NULL, NULL, NULL),
(253, 'CHAUHAN ENTERPRISES', 'HARYANA', 'GURGAON', '(chauhan)08860497749/8800548889 (santosh)', 'Santosh', '561/7,JACOMBPURA,', 'NEAR KRISHNA MANDIR', '06391919225', NULL, '2012-05-02 10:00:00', '2012-05-02 10:00:00', NULL, NULL, NULL, NULL, NULL, NULL),
(254, 'Decathlon Sports India Pvt. Ltd.', 'KARNATAKA', 'Bangalore', '+91-80955 56101', 'kailash murthy', 'Tata Housing Xylem, Plot no 4 and 4(A), Dyavasandra Industrial Area,', '1st Phase Krishnarajapuram Hobli, Mahadevpura Post, ITPB Main Road, Whitefield,', '29640215582', '560 048', '2012-05-02 10:00:00', '2012-05-02 10:00:00', NULL, NULL, NULL, NULL, NULL, NULL),
(255, 'Sulabh Sales Corporation', 'HARYANA', NULL, '(sulabh)9811793783//9810795093(Anshul)', 'Anshul // Zuska', '1930 , Sector-7D', 'Faridabad', '06361211966', NULL, '2012-05-02 10:00:00', '2012-05-02 10:00:00', NULL, NULL, NULL, NULL, NULL, NULL),
(256, 'Ranish IMPEX Pvt Ltd', 'MAHARASHTRA', 'mUMBAI', NULL, 'mUKESH', '4th floor, Sugar House', '93/95, Kazi Syed Street,Masjid Bunder(w)', '27590047784', '400003', '2012-05-02 10:00:00', '2012-05-02 10:00:00', NULL, NULL, NULL, NULL, NULL, NULL),
(257, 'Agfa Agencies', 'DELHI', NULL, '9999925000', 'Niti/Faces Accessories', 'C-25/6, mount everest aptt.,', 'Dwarka,', '07310406586', '110075', '2012-05-02 10:00:00', '2012-05-02 10:00:00', NULL, NULL, NULL, NULL, NULL, NULL),
(258, 'Indian Fine Beauty Care Pvt. Ltd.', 'HARYANA', NULL, NULL, NULL, NULL, NULL, '06901828783', NULL, '2012-05-02 10:00:00', '2012-05-02 10:00:00', NULL, NULL, NULL, NULL, NULL, NULL),
(259, 'M.Kumar & Company Pvt Ltd', 'DELHI', 'New Delhi', NULL, 'Vishvas ( Morepen )', '4937-39 II floor Barar House bara tooti Sadar Bazar', NULL, '07200008898', '110006', '2012-05-02 10:00:00', '2012-05-02 10:00:00', NULL, NULL, NULL, NULL, NULL, NULL),
(260, 'Singh International', 'DELHI', NULL, NULL, NULL, NULL, NULL, '07850382912', NULL, '2012-07-13 15:42:45', '2012-07-13 15:42:45', NULL, NULL, NULL, NULL, NULL, NULL),
(261, 'Me N Moms Private Limited', 'DELHI', 'Delhi', '+91-11-2875 1475 / +91-11-3240 2175', 'ajay/raj', '6/27 WEA,Ajmal Khan Road,', 'Karol Bagh,New Delhi-110005', '07400310264', '110005', '2012-05-02 10:00:00', '2012-05-02 10:00:00', NULL, NULL, NULL, NULL, NULL, NULL),
(262, 'NATURAL BATH & BODY', 'DELHI', 'New Delhi', '9899227969/(0120) 4549111', 'Sanatan', 'C-21C, Gangotri,', 'Alaknanda,', '07830404166', NULL, '2012-05-02 10:00:00', '2012-05-02 10:00:00', NULL, NULL, NULL, NULL, NULL, NULL),
(263, 'Planet Baby Trading LLP', 'DELHI', 'Delhi', '09873002866', 'Vipul Goel', 'S-5, Paradise Plaza,', 'Alaknanda Shopping Complex,New Delhi', '07190387543', '110019', '2012-05-02 10:00:00', '2012-05-02 10:00:00', NULL, NULL, NULL, NULL, NULL, NULL),
(264, 'Kool Kidz Products Ltd.', 'DELHI', 'Delhi', '9560226848 9560226848', 'Rajeev', '4564-A/16,', 'Dariya Ganj,New Delhi', '07360342005', '110002', '2012-05-02 10:00:00', '2012-05-02 10:00:00', NULL, NULL, NULL, NULL, NULL, NULL),
(265, 'Green Gold Animation Pvt. Ltd.', 'ANDHRA PRADESH', 'Hyderabad', '9391605053', 'Amit', '7-4-28/1 Gagan Pahad', 'Rajendra Nagar Mandal', '28082156146', '500016', '2012-05-02 10:00:00', '2012-05-02 10:00:00', NULL, NULL, NULL, NULL, NULL, NULL),
(266, 'Siddhivinayak Enterprises', 'GUJARAT', 'Valsad', NULL, 'Gagan', 'Survey No. 18/2/B, Coastal Highway Village Dehri', 'Taluka Umbergaon, DIst. Valsad', '24250502540', '396170', '2012-07-09 14:18:38', '2012-07-09 14:18:38', NULL, NULL, NULL, NULL, NULL, NULL),
(267, 'Karma Healthcare Limited', 'WEST BENGAL', NULL, NULL, 'subhashish', NULL, NULL, '19560637045', NULL, '2012-06-20 12:04:48', '2012-06-20 12:04:48', NULL, NULL, NULL, NULL, NULL, NULL),
(268, 'Charismatic Medicare Ltd (FUTURO)', 'DELHI', 'New Delhi', NULL, 'Anish Pandey', 'F-315 , Lado Sarai', NULL, '07190360674', NULL, '2012-05-02 10:00:00', '2012-05-02 10:00:00', NULL, NULL, NULL, NULL, NULL, NULL),
(269, 'Raj International', 'DELHI', 'New Delhi', NULL, NULL, '282A,GROUND FLOOR, SHIVAJI MARKET', 'PITAMPURA,', '07030323029', '110034', '2012-05-02 10:00:00', '2012-05-02 10:00:00', NULL, NULL, NULL, NULL, NULL, NULL),
(270, 'cureways medicost', 'DELHI', 'New delhi', NULL, 'vijay', '245 A, sant nagar, opp D block', 'east of kailash market', '0709notavai', NULL, '2012-05-02 10:00:00', '2012-05-02 10:00:00', NULL, NULL, NULL, NULL, NULL, NULL),
(271, 'Raheja Enterprises', 'HARYANA', 'Gurgaon', NULL, 'Manish Raheja', '842/A/18 Shanti Nagar. Near Beri Wala Bag', 'Gurgaon', '06771921247', '122001', '2012-05-02 10:00:00', '2012-05-02 10:00:00', NULL, NULL, NULL, NULL, NULL, NULL),
(272, 'Finlay Exports Pvt. Ltd.', 'MAHARASHTRA', 'Mumbai', NULL, NULL, 'Goregaon(West)', NULL, '27110505694', '400062', '2012-05-02 10:00:00', '2012-05-02 10:00:00', NULL, NULL, NULL, NULL, NULL, NULL),
(273, 'VICTORIA ALBI COSMETICS PVT. LTD.//Makari', 'UTTAR PRADESH', NULL, NULL, NULL, NULL, NULL, '09865710195', NULL, '2012-05-23 15:05:53', '2012-05-23 15:05:53', NULL, NULL, NULL, NULL, NULL, NULL),
(274, 'Sareen Sports Industries', 'UTTAR PRADESH', 'Meerut', '09927535544', 'Sushil Bhatti', '15, Victoria Park, Sports Colony', NULL, '09378300032', '250001', '2012-05-02 10:00:00', '2012-05-02 10:00:00', NULL, NULL, NULL, NULL, NULL, NULL),
(275, 'Sanat Products Ltd', 'HARYANA', 'Haryana', '011 22518794', NULL, 'SCO No. 58, 2nd Floor', 'Sec 8, Panchkula', '06562502538', '110092', '2012-07-09 13:28:19', '2012-07-09 13:28:19', NULL, NULL, NULL, NULL, NULL, NULL),
(276, 'Continental Surgicals Emporium', 'DELHI', 'New Delhi', '23245555', 'Ankush', '10,Netaji Subhash Marg', NULL, '07200000265', '122001', '2012-07-09 18:32:05', '2012-07-09 18:32:05', NULL, NULL, NULL, NULL, NULL, NULL),
(277, 'ILUBE Corporation', 'ANDHRA PRADESH', 'Hyderabad', NULL, NULL, 'Nutrition Plus (A Division of iLube Corporation) 6-3-596/47-A3, Banjara Avenue Behind Banjara Hills Care Hospital Khairatabad P.O Hyderabad - 500 004 INDIA', NULL, '28702363867', '500 004', '2012-05-02 10:00:00', '2012-05-02 10:00:00', NULL, NULL, NULL, NULL, NULL, NULL),
(278, 'White Rose Exports', 'DELHI', 'DELHI', NULL, NULL, '305, Amber Tower Azadpur Commercial Complex, Azadpur', 'Delhi-110033', '07720157410', '110033', '2012-05-02 10:00:00', '2012-05-02 10:00:00', NULL, NULL, NULL, NULL, NULL, NULL),
(279, 'Viviana Colors India Private Limited', 'DELHI', NULL, NULL, 'Rohit', 'A-218, Ist Floor,', 'Road No ?? 6, Mahipalpur', '07670387473', '110037', '2012-05-02 10:00:00', '2012-05-02 10:00:00', NULL, NULL, NULL, NULL, NULL, NULL),
(280, 'Fortune Packaging', 'TAMIL NADU', 'Chennai', NULL, NULL, NULL, NULL, '33621042452', NULL, '2012-05-02 10:00:00', '2012-05-02 10:00:00', NULL, NULL, NULL, NULL, NULL, NULL),
(281, 'Medsource Healthcare pvt ltd', 'DELHI', NULL, NULL, NULL, NULL, NULL, '07580254002', NULL, '2012-05-02 10:00:00', '2012-05-02 10:00:00', NULL, NULL, NULL, NULL, NULL, NULL),
(282, 'British Nutritions Pvt Ltd.', 'KARNATAKA', 'Bangalore', '080 40643777', NULL, 'No.30, 10th Main, Ashoka Pillar Road', '2nd Block, Jaynagar', '29160404705', '560011', '2012-05-02 10:00:00', '2012-05-02 10:00:00', NULL, NULL, NULL, NULL, NULL, NULL),
(283, 'Splendina Healthcare Pvt Ltd', 'KARNATAKA', 'Bangalore', '9591996711', 'Swetha/Living Proof', NULL, NULL, '29200582096', NULL, '2012-07-09 14:25:01', '2012-07-09 14:25:01', NULL, NULL, NULL, NULL, NULL, NULL),
(284, 'P T  Invent  India  Pvt  Ltd.', 'MAHARASHTRA', 'Mumbai', '9820072300', 'Amit/Lukman (Soulflower)', '102, Millenium Plaza, Off. Andheri - Kurla Road', 'Sakinaka, Andheri (E)', '27590185330', '400 072', '2012-07-06 12:34:27', '2012-07-06 12:34:27', NULL, NULL, NULL, NULL, NULL, NULL),
(285, 'GLAB AGENCIES PVT LTD', 'DELHI', 'New Delhi', '9953856219', 'A.N.Sharma(ayu care/amazing herbl)', '3-A, Basement, Masjid Moth,', 'South Ext ?? II', '07610406518', '110049', '2012-05-02 10:00:00', '2012-05-02 10:00:00', NULL, NULL, NULL, NULL, NULL, NULL),
(286, 'Euro MediTools Pvt. Ltd.', 'DELHI', 'New Delhi', NULL, 'Ankush (3M)', 'MR Colony , Lajpath Colony', NULL, '07980251745', '110001', '2012-05-02 10:00:00', '2012-05-02 10:00:00', NULL, NULL, NULL, NULL, NULL, NULL),
(287, 'Rallith Medisystems Pvt Ltd (3M)', 'HARYANA', 'Haryana', '9891753266', 'Mr. Narender Bhat', 'Shop No. 9, Sheetla Mata Road, Opp. Celebration Point, Gurgaon. Haryana.', NULL, '06811934514', NULL, '2012-07-09 13:14:37', '2012-07-09 13:14:37', NULL, NULL, NULL, NULL, NULL, NULL),
(288, 'Ayushi Density', 'UTTAR PRADESH', 'Noida', NULL, 'Syed Nadeem Mallick', 'S-8, Shree Gee Complex,  Sharma Market', NULL, '09565900988', NULL, '2012-07-09 15:46:03', '2012-07-09 15:46:03', NULL, NULL, NULL, NULL, NULL, NULL),
(289, 'Aroma Treasures', 'MAHARASHTRA', 'Mumbai', '09819738455', 'Shahil', 'C- 59, 2nd floor, Raj Ind. Complex,', 'Military Road, Marol, Andheri (E)', '27720254662', '400 059', '2012-05-02 10:00:00', '2012-05-02 10:00:00', NULL, NULL, NULL, NULL, NULL, NULL),
(290, 'Ginni Consumer Products', 'UTTAR PRADESH', 'Noida', NULL, NULL, 'Corporate Office, H- 6, Sector 63, NH-24, Noida', NULL, '0956xxxxxxx', '201301', '2012-05-02 10:00:00', '2012-05-02 10:00:00', NULL, NULL, NULL, NULL, NULL, NULL),
(291, 'TEKNICS INDIA', 'DELHI', NULL, NULL, 'Madukar', NULL, NULL, '07880notavi', NULL, '2012-05-02 10:00:00', '2012-05-02 10:00:00', NULL, NULL, NULL, NULL, NULL, NULL),
(292, 'Eminent Trade Consultants Pvt Ltd', 'HARYANA', 'Gurgaon', '9999039385', 'Monish Dhawan', '44, Moulsari Avenue, DLF Phase-3', NULL, '06121829503', '122002', '2012-05-02 10:00:00', '2012-05-02 10:00:00', NULL, NULL, NULL, NULL, NULL, NULL),
(293, 'OMVED LIFESTYLE PVT LTD.', 'MAHARASHTRA', 'Mumbai', NULL, NULL, 'Plot No. 19, Road No. 9,', 'Andheri (East),', '27150686965', '400093', '2012-05-02 10:00:00', '2012-05-02 10:00:00', NULL, NULL, NULL, NULL, NULL, NULL),
(294, 'Garware Bestretch Ltd.', 'MAHARASHTRA', 'Pune', '020-30548333', 'Kiran Shetty', 'Amar Avinash Corporate Plaza, 4th Floor, Plot No. D-2', 'Bund Garden Road,', '27200293360', '411001', '2012-05-02 10:00:00', '2012-05-02 10:00:00', NULL, NULL, NULL, NULL, NULL, NULL),
(295, 'Kaya Limited', 'DELHI', 'Mathura Road,  New Delhi', 'Sweta', '022-67020501/04', 'C/o. Jeena & Co. Ltd.', 'E5 ?? B1, Mohan Co-op. Extn.', '07060270390', '110044', '2012-05-02 10:00:00', '2012-05-02 10:00:00', NULL, NULL, NULL, NULL, NULL, NULL),
(296, 'Apcos naturals', 'PUNJAB', 'Mohali', NULL, NULL, 'Plot No. 202, Industrial focal Point, Phase -9', NULL, '03361108274', '160062', '2012-05-02 10:00:00', '2012-05-02 10:00:00', NULL, NULL, NULL, NULL, NULL, NULL),
(297, 'Sahni Contact Lens Sales Corporation', 'DELHI', 'New Delhi-17', '9891077480', 'Amit Sahni', 'E-5/1', ',Malviya Nagar', '07200158666', '110017', '2012-05-02 10:00:00', '2012-05-02 10:00:00', NULL, NULL, NULL, NULL, NULL, NULL),
(298, 'Food bazaar', 'HARYANA', 'gurgaon', NULL, NULL, 'Near private hospital', 'MG road sec-25', '06891830001', '122001', '2012-05-02 10:00:00', '2012-05-02 10:00:00', NULL, NULL, NULL, NULL, NULL, NULL),
(299, 'Deborah Milano India Pvt. Ltd.', 'DELHI', 'New Delhi', '9871219933 (MK Mishra)', 'Atul/Mishra', 'C-5/39 Safdarjung Development  Area', NULL, '07120413238', '110 016', '2012-05-02 10:00:00', '2012-05-02 10:00:00', NULL, NULL, NULL, NULL, NULL, NULL);
INSERT INTO `supplier` (`id`, `name`, `state`, `city`, `contact_number`, `contact_person`, `line1`, `line2`, `tin_number`, `pincode`, `create_date`, `update_date`, `brands`, `dam_exp_cond`, `email_id`, `terms_of_trade`, `credit_period`, `margins`) VALUES
(300, 'Preeti trading corporation', 'MAHARASHTRA', 'Mumbai', NULL, 'Mihir', 'Preeti trading corporation, 3, shubhangi building, 51, milan subway road, santacruz (w).', NULL, '27840009574', '400 054', '2012-05-02 10:00:00', '2012-05-02 10:00:00', NULL, NULL, NULL, NULL, NULL, NULL),
(301, 'Angel Wellness', 'HARYANA', 'Gurgain', '9417585562', 'Sandeep Rajan\\Yardley', 'Plot No. 561/ 7', 'Jacobpura, Near Krishna Mandir', '06581935271', '122001', '2012-05-02 10:00:00', '2012-05-02 10:00:00', NULL, NULL, NULL, NULL, NULL, NULL),
(302, 'Universal Distributors pvt ltd', 'MAHARASHTRA', 'MUMBAI', '09833700766', 'Ankit Garg', '178, CSt Road, jugal jyoti building', 'c-402, kalina, santacruz', '2784_notavi', NULL, '2012-05-02 10:00:00', '2012-05-02 10:00:00', NULL, NULL, NULL, NULL, NULL, NULL),
(303, 'Juno Pharm', 'ANDHRA PRADESH', 'Hyderabad', '9177999600', 'Rohit', NULL, NULL, '28501491585', NULL, '2012-05-02 10:00:00', '2012-05-02 10:00:00', NULL, NULL, NULL, NULL, NULL, NULL),
(304, 'VLCC Personal Care Ltd.', 'HARYANA', 'Gurgaon', NULL, 'Manish Hora', '64, HSIDC, Sector-18, Gurgaon (Haryana)', NULL, '06531823118', '122015', '2012-05-02 10:00:00', '2012-05-02 10:00:00', NULL, NULL, NULL, NULL, NULL, NULL),
(305, 'Blue lione Group', 'DELHI', NULL, NULL, NULL, 'Delhi', NULL, '07810403498', NULL, '2012-05-02 10:00:00', '2012-05-02 10:00:00', NULL, NULL, NULL, NULL, NULL, NULL),
(306, 'MAHAVIR TRADING CORP', 'DELHI', 'DELHI', '09833700766', 'Ankit Garg', 'G-76,VARDHMAN GRAND PLAZA,', 'MANGLAM PLACE,ROHINI, SECTOR-3', '07830404145', '110085', '2012-05-02 10:00:00', '2012-05-02 10:00:00', NULL, NULL, NULL, NULL, NULL, NULL),
(307, 'HKDD PHARMA', 'HARYANA', 'Gurgaon', '9310118895', NULL, 'Shop No. 4, Near Gurdwara, Opp. Medanta Medicity', 'Village Jharsa, Gurgaon', '06231832498', '120017', '2012-05-02 10:00:00', '2012-05-02 10:00:00', NULL, NULL, NULL, NULL, NULL, NULL),
(308, 'E.A.Currim Pvt Ltd', 'MAHARASHTRA', NULL, '022 40521786 / 777', NULL, 'E.A.Currim House 19,Kazi Syed Street Mumbai-9', NULL, '27390008997', NULL, '2012-05-02 10:00:00', '2012-05-02 10:00:00', NULL, NULL, NULL, NULL, NULL, NULL),
(309, 'Wellscience Health Pvt. Ltd', 'HARYANA', NULL, NULL, NULL, 'FedEx Express TSCS Pvt. Ltd, KILLA NO (6- 2),  BEHRAMPUR ROAD, VPO - BEGUMPUR KHATOLA  GURGAON', NULL, '06601829336', '122001', '2012-05-02 10:00:00', '2012-05-02 10:00:00', NULL, NULL, NULL, NULL, NULL, NULL),
(310, 'Siddharth Biotech International', 'DELHI', 'New Delhi', NULL, NULL, '204,Gupta Palace,', 'A-2/42, Rajouri Garden,', '07330261172', '110027', '2012-05-02 10:00:00', '2012-05-02 10:00:00', NULL, NULL, NULL, NULL, NULL, NULL),
(311, 'Vitamin Shoppe', 'MAHARASHTRA', 'USA', NULL, NULL, 'USA', 'USA', '27VSIMPORT1', NULL, '2012-05-02 10:00:00', '2012-05-02 10:00:00', NULL, NULL, NULL, NULL, NULL, NULL),
(312, 'Appletree Nutraceuticals Pvt. Ltd.', 'MAHARASHTRA', 'mumbai', NULL, NULL, '97A,Ground Floor,Vinayak Bhuvan', 'Vakola Bridge Opp Sona Hospital ,Shivaji nagar,Santacruz-East', '27960756214', '400055', '2012-05-02 10:00:00', '2012-05-02 10:00:00', NULL, NULL, NULL, NULL, NULL, NULL),
(313, 'impressionplus', 'DELHI', NULL, NULL, NULL, NULL, NULL, '07820371240', NULL, '2012-05-02 10:00:00', '2012-05-02 10:00:00', NULL, NULL, NULL, NULL, NULL, NULL),
(314, 'Dang Medical Store', 'HARYANA', 'Gurgaon', NULL, NULL, 'Opp. Mainwali Colony,', 'Maingate New Railway Road,', '06651917918', '122001', '2012-05-02 10:00:00', '2012-05-02 10:00:00', NULL, NULL, NULL, NULL, NULL, NULL),
(315, 'On Quest merchandising India Pvt ltd', 'DELHI', 'New Delhi', NULL, NULL, '198/22,Ramesh Market,East Of Kailash,New Delhi-110065', NULL, '07680398380', '110065', '2012-05-02 10:00:00', '2012-05-02 10:00:00', NULL, NULL, NULL, NULL, NULL, NULL),
(316, 'Lifestyle Asia Pvt Ltd', 'MAHARASHTRA', 'Mumbai', NULL, 'Mrinal(Remington)', '301 303 shashmira centre', '176 CST road,Kalina,Santacruz East', '27210284673', '98', '2012-05-02 10:00:00', '2012-05-02 10:00:00', NULL, NULL, NULL, NULL, NULL, NULL),
(317, 'Dharamshila Marketing', 'DELHI', 'New delhi', NULL, 'Madukar', 'B-47/B, Gaurav Nagar-2', 'Prem nagar-3, Kirari', '0709isnotav', '110086', '2012-05-02 10:00:00', '2012-05-02 10:00:00', NULL, NULL, NULL, NULL, NULL, NULL),
(318, 'Shree Durgeshwari Pharma Distributors', 'HARYANA', 'gurgaon', NULL, 'bhandari', 'Gurgaon', NULL, '0610notavia', '110021', '2012-06-20 11:42:42', '2012-06-20 11:42:42', NULL, NULL, NULL, NULL, NULL, NULL),
(319, 'SBM Enterprises', 'HARYANA', 'Gurgaon', '9136175151/9810795093(anshul)', 'Anshul/Dinesh', 'Plot 111, Basement Sec-38', 'Urban Estate', '06551933493', NULL, '2012-05-02 10:00:00', '2012-05-02 10:00:00', NULL, NULL, NULL, NULL, NULL, NULL),
(320, 'Accurex Biomedicals Pvt Ltd', 'MAHARASHTRA', 'Mumbai', NULL, NULL, '212, Udyog Mandir Building#1,', '7/C Bhagoji Keer Marg, Mahim(W)', '27300299998', '400016', '2012-05-05 12:53:35', '2012-05-05 12:53:35', NULL, NULL, NULL, NULL, NULL, NULL),
(321, 'Dashania Sales', 'DELHI', 'New Delhi', '011-47476001,02,03', 'Suresh Bhardwaj', 'Ist Floor, KH No:A-369', 'Mangolpurkhurdh', '07100369502', '110083', '2012-05-07 13:00:27', '2012-05-07 13:00:27', NULL, NULL, NULL, NULL, NULL, NULL),
(322, 'Presto Industries', 'MAHARASHTRA', 'MUMBAI', '912243151422', 'Ankit', '217/218, Vasan Udyog Bhavan,2nd  Floor, Off . S.B. Marg,', 'Opp. Phoenix Mill, Lower Parel,', '27050021406', '400013.', '2012-05-08 16:11:46', '2012-05-08 16:11:46', NULL, NULL, NULL, NULL, NULL, NULL),
(323, 'Erina Eco Craft Pvt Ltd', 'MAHARASHTRA', NULL, NULL, NULL, '251 Bhavani Peth', 'Palace Street,Satara Maharashtra', '27570843486', '415002', '2012-05-08 17:38:07', '2012-05-08 17:38:07', NULL, NULL, NULL, NULL, NULL, NULL),
(324, 'NOURISH BODY &BATH PRODUCTS', 'HARYANA', 'FARIDABAD', NULL, NULL, '(INSIDE G D INDUSTRIAL ENGINEERS COMPOUND), 13/7, MATHURA ROAD , FARIDABAD', NULL, '06261218326', '121003', '2012-05-10 15:59:19', '2012-05-10 15:59:19', NULL, NULL, NULL, NULL, NULL, NULL),
(325, 'Misha Sports', 'UTTAR PRADESH', 'Meerut', '9319083526', 'Gaurav', 'S.K. Road', NULL, '09178300537', NULL, '2012-05-15 18:33:15', '2012-05-15 18:33:15', NULL, NULL, NULL, NULL, NULL, NULL),
(326, 'Lens Street', 'DELHI', 'Delhi', NULL, NULL, NULL, NULL, '07510410259', NULL, '2012-05-17 11:39:34', '2012-05-17 11:39:34', NULL, NULL, NULL, NULL, NULL, NULL),
(327, 'WEST COAST PHARMACEUTICAL WORKS LTD', 'GUJARAT', 'Ahmedabad', NULL, NULL, 'Meldi Estate, Near Prasang Party Plot,', 'Opp. Sola Bhagwat, Sayona City Road, Gota,', '24075200479', '382481', '2012-05-21 16:10:00', '2012-05-21 16:10:00', NULL, NULL, NULL, NULL, NULL, NULL),
(328, 'S.V trading company', 'HARYANA', 'Gurgaon', '9899077641', 'Vedant Jain', 'Q-1 ,phase-2, new palam vihar', NULL, '06171931665', NULL, '2012-06-04 11:33:51', '2012-06-04 11:33:51', NULL, NULL, NULL, NULL, NULL, NULL),
(329, 'B V Bio-Corp Pvt Ltd', 'MAHARASHTRA', 'Pune', NULL, 'Mr Sahil Kan', 'Pune', NULL, '2749348054V', NULL, '2012-05-23 16:42:56', '2012-05-23 16:42:56', NULL, NULL, NULL, NULL, NULL, NULL),
(330, 'Insight Products', 'DELHI', 'New Delhi', NULL, 'Vinod Kumar', 'Subhash Nagar', 'new delhi', '07900391663', NULL, '2012-05-26 14:29:29', '2012-05-26 14:29:29', NULL, NULL, NULL, NULL, NULL, NULL),
(331, 'Garg Medicos', 'HARYANA', 'Gurgaon', NULL, 'Inderjeet', NULL, NULL, '06261919054', NULL, '2012-05-29 13:26:03', '2012-05-29 13:26:03', NULL, NULL, NULL, NULL, NULL, NULL),
(332, 'Beverly Hills Marketing Pvt. Ltd.', 'DELHI', 'New Delhi', NULL, NULL, '701/702, Best Sky Tower,', 'Netaji Subhash place, New Delhi', '07420392315', '110034.', '2012-05-29 16:30:33', '2012-05-29 16:30:33', NULL, NULL, NULL, NULL, NULL, NULL),
(333, 'Aurum Infocomm', 'DELHI', 'New Delhi', NULL, 'Suresh Bharadwaj', '2nd flr, A369', 'Mongolpur Khurd', '07060379030', '11083', '2012-05-29 17:00:37', '2012-05-29 17:00:37', NULL, NULL, NULL, NULL, NULL, NULL),
(334, 'Samskara Wellness  Products  Pvt. Ltd.', 'MAHARASHTRA', 'Mumbai', NULL, NULL, '304,3rd Floor , Videocon  House', 'Malabar Hill,  Nepeansea  Road ,  Mumbai  400 006', '27345241544', '400 006', '2012-05-31 16:06:10', '2012-05-31 16:06:10', NULL, NULL, NULL, NULL, NULL, NULL),
(335, 'Ram Lal Inder Lal Pvt Ltd.', 'DELHI', 'Delhi', '011-41500047', 'Sumit', 'R.I. Office Complex, 6357', 'Biri Market, Naya Bans,', '07410221455', '110006', '2012-05-30 16:09:40', '2012-05-30 16:09:40', NULL, NULL, NULL, NULL, NULL, NULL),
(336, 'MCPL India Pvt Ltd', 'HARYANA', NULL, '09967713377', 'manoj/Old Spice', 'Ambala', NULL, '06481044575', NULL, '2012-07-06 16:10:03', '2012-07-06 16:10:03', NULL, NULL, NULL, NULL, NULL, NULL),
(337, 'New Needhi Store', 'HARYANA', 'Gurgaon', NULL, NULL, NULL, NULL, '063XXXXXXXX', NULL, '2012-06-02 15:47:37', '2012-06-02 15:47:37', NULL, NULL, NULL, NULL, NULL, NULL),
(338, 'Brightex Merchandising Limited', 'MAHARASHTRA', 'Hong Kong', NULL, NULL, NULL, NULL, '27BOTTLEIMP', NULL, '2012-06-04 18:47:29', '2012-06-04 18:47:29', NULL, NULL, NULL, NULL, NULL, NULL),
(339, 'Beauty Palace', 'MAHARASHTRA', 'Mumbai', '02223443143 / 23441980', 'Tahir/Vasant', NULL, NULL, '27530065374', '400002', '2012-06-05 10:58:12', '2012-06-05 10:58:12', NULL, NULL, NULL, NULL, NULL, NULL),
(340, 'Synergy International', 'DELHI', 'New Delhi', NULL, NULL, 'D-2/ 2449, Vasant Kunj', 'New Delhi', '07230358033', '110070', '2012-06-06 11:29:06', '2012-06-06 11:29:06', NULL, NULL, NULL, NULL, NULL, NULL),
(341, 'Tyra Collections', 'MAHARASHTRA', 'west mumbai', NULL, 'Sandeep', 'Shop number 3', 'bunder road, mald', '2780na00123', '400064', '2012-06-06 12:53:49', '2012-06-06 12:53:49', NULL, NULL, NULL, NULL, NULL, NULL),
(342, 'Nectar Lifesciences Ltd.', 'PUNJAB', 'Chandigarh', '0172-3060154,0172-3078157,58.', 'Mini Rihal', 'Plot No. 110, Industrial Area,', 'Phase 1 Chandigarh', '03291020770', '160002', '2012-06-07 12:56:11', '2012-06-07 12:56:11', NULL, NULL, NULL, NULL, NULL, NULL),
(343, 'Hygiene Pharmaceutical', 'HARYANA', 'gurgaon', NULL, 'Yogender', 'House no-58,Gali No 1', 'raj Nagar, Khandsa Road', '06521939475', '122001', '2012-06-08 17:40:36', '2012-06-08 17:40:36', NULL, NULL, NULL, NULL, NULL, NULL),
(344, 'Sportika Exports', 'MAHARASHTRA', 'CT', NULL, NULL, '83 White Oak Drive', 'Berlin', '27SPORTIKA1', NULL, '2012-06-12 13:25:23', '2012-06-12 13:25:23', NULL, NULL, NULL, NULL, NULL, NULL),
(345, 'Mahalaxmi Trading Co', 'HARYANA', 'Gurgaon', NULL, NULL, 'Gurgaon', NULL, '06351833305', NULL, '2012-06-12 16:39:57', '2012-06-12 16:39:57', NULL, NULL, NULL, NULL, NULL, NULL),
(346, 'Genie Sports Pvt Ltd', 'UTTAR PRADESH', 'Meerut', '9808152626', 'Mr. Harsh Mahajan', 'B-62 Samrat Palace, Near Garh Road', NULL, '09776511020', '250001', '2012-06-13 14:05:18', '2012-06-13 14:05:18', NULL, NULL, NULL, NULL, NULL, NULL),
(347, 'HNC SOLUTIONS', 'MAHARASHTRA', 'Mumbai', '09987477752', 'Mishal', '201/23, Bansri Bhuvan, Above Union Bank of India, Sion (east), Mumbai - 400022', NULL, '2784XXXXXXX', '400022', '2012-06-13 16:02:27', '2012-06-13 16:02:27', NULL, NULL, NULL, NULL, NULL, NULL),
(348, 'Endolite India Ltd.', 'DELHI', 'New Delhi', NULL, NULL, 'HDFC Bank Ltd. CC-31, Commercial Complex, Naraina Industrial Area, Phase-I, New Delhi', NULL, '07610278963', '110028', '2012-06-13 16:05:10', '2012-06-13 16:05:10', NULL, NULL, NULL, NULL, NULL, NULL),
(349, 'Raju Medicos', 'PUNJAB', 'Ludhiana', NULL, NULL, 'Manmohan Market, Pindi Street', NULL, '03711009190', NULL, '2012-06-14 14:53:33', '2012-06-14 14:53:33', NULL, NULL, NULL, NULL, NULL, NULL),
(350, 'Pure Botanicals', 'MAHARASHTRA', 'Mumbai', NULL, NULL, 'Address- 3 Mihir, Anand Rao Devle Marg', 'Juhu, Mumbai', '27230700501', '400 049', '2012-06-15 12:24:57', '2012-06-15 12:24:57', NULL, NULL, NULL, NULL, NULL, NULL),
(351, 'Ivycomm Systems', 'HARYANA', 'Faridabad', NULL, NULL, NULL, NULL, '06841215485', NULL, '2012-06-18 18:24:38', '2012-06-18 18:24:38', NULL, NULL, NULL, NULL, NULL, NULL),
(352, 'Aleo World Gym', 'PUNJAB', NULL, NULL, NULL, NULL, NULL, '03981017238', NULL, '2012-06-20 16:43:51', '2012-06-20 16:43:51', NULL, NULL, NULL, NULL, NULL, NULL),
(353, 'Aggarwal Surgicals', 'HARYANA', 'Gurgaon', '09015208665', NULL, 'Old railway roadn', 'near mata mandir', '0634notavai', NULL, '2012-06-22 15:30:26', '2012-06-22 15:30:26', NULL, NULL, NULL, NULL, NULL, NULL),
(354, 'Health n More', 'KARNATAKA', 'Bangalore', NULL, NULL, NULL, NULL, '29860606565', NULL, '2012-06-25 14:23:51', '2012-06-25 14:23:51', NULL, NULL, NULL, NULL, NULL, NULL),
(355, 'Atlanta Medico Pvt. Ltd.', 'MAHARASHTRA', 'Thane', '9833107224', 'Vikas', 'RAJPRABHA ANAND IND. EST. GALA NO.F3/F4, BLDG NO.03,', 'NAIKPADA, WALIV, VASAI(E),THANE-401 208', '27420748751', '401208', '2012-06-28 12:46:09', '2012-06-28 12:46:09', NULL, NULL, NULL, NULL, NULL, NULL),
(356, 'Arkray Healthcare Pvt. Ltd.', 'DELHI', 'New Delhi', NULL, NULL, 'B8, Deep Sikha Bldg.,', 'Rajendra Palace,', '07760338972', '110008', '2012-06-29 13:40:56', '2012-06-29 13:40:56', NULL, NULL, NULL, NULL, NULL, NULL),
(357, 'Suyog Diagnostics Pvt. Ltd.', 'DELHI', NULL, NULL, NULL, NULL, NULL, '07650204445', NULL, '2012-07-05 13:20:54', '2012-07-05 13:20:54', NULL, NULL, NULL, NULL, NULL, NULL),
(358, 'Unived Healthcare Products', 'MAHARASHTRA', NULL, NULL, NULL, NULL, NULL, '27310840719', NULL, '2012-07-07 11:36:26', '2012-07-07 11:36:26', NULL, NULL, NULL, NULL, NULL, NULL),
(359, '3M India Limited', 'KARNATAKA', 'Bangalore', NULL, 'Ankush Jain', 'Concorde Block, UB City, Vittal Mallaya Road', NULL, '29400127541', '560001', '2012-07-09 15:22:58', '2012-07-09 15:22:58', NULL, NULL, NULL, NULL, NULL, NULL),
(360, 'Advik concept', 'DELHI', 'Delhi', '9582709157', 'Anuj/Aurita herbals', '105,VinobaPuri,3rdFloor,', 'LajpatNagarII,NewDelhi', '07040393591', '110024', '2012-07-10 17:23:20', '2012-07-10 17:23:20', NULL, NULL, NULL, NULL, NULL, NULL),
(361, 'Nyassa Retail Pvt Ltd', 'MAHARASHTRA', 'Mumbai', NULL, NULL, '13/104, Anand Nagar, Near Vakola Police Station', 'Santacruz (East),Mumbai', '27870892403', '400 055', '2012-07-11 14:51:06', '2012-07-11 14:51:06', NULL, NULL, NULL, NULL, NULL, NULL),
(362, 'STEP UP SOLUTIONS//noida', 'UTTAR PRADESH', NULL, '9810736868', 'Jitendra//', 'B-57, SECTOR - 63,', 'NOIDA,', '09565711144', '201307', '2012-07-12 17:34:37', '2012-07-12 17:34:37', NULL, NULL, NULL, NULL, NULL, NULL),
(363, 'STEP UP SOLUTIONS//delhi', 'DELHI', 'DELHI', '9810736868', 'jeetndra', '28/2/1D, EAST AZAD NAGAR, KRISHNA NAGAR', 'NEAR SARVODAYA  BAL VIDYALAYA , KANTI NAGAR', '07090396328', '110015', '2012-07-27 17:22:35', '2012-07-27 17:22:35', NULL, NULL, NULL, NULL, NULL, NULL),
(364, 'Little''s', 'GUJARAT', 'Mumbai', '09329191978', 'Akhil Khankriyal', '807, Raheja Centre, 214 Free Press Journal Marg', 'Nariman Point, Mumbai -21, India', '24250800836', '400021', '2012-07-12 18:19:30', '2012-07-12 18:19:30', NULL, NULL, NULL, NULL, NULL, NULL),
(365, 'M/s. Amrutanjan Health Care Limited,', 'DELHI', 'New Delhi', NULL, 'Sakthi Ananth', '2/B 7737, Ramnagar,', NULL, '07540019187', '110 055.', '2012-07-16 16:49:53', '2012-07-16 16:49:53', NULL, NULL, NULL, NULL, NULL, NULL),
(366, 'S.S Distributors', 'HARYANA', 'Panchkula', NULL, NULL, 'Plot No:- 83, Industrial Area,', 'Phase -2, Panchkula', '06492505341', '134109', '2012-07-17 13:46:47', '2012-07-17 13:46:47', NULL, NULL, NULL, NULL, NULL, NULL),
(367, 'RAPID NUTRITION PVT LTD', 'ANDHRA PRADESH', NULL, NULL, NULL, NULL, NULL, '28936709098', NULL, '2012-07-17 15:20:34', '2012-07-17 15:20:34', NULL, NULL, NULL, NULL, NULL, NULL),
(368, 'Corporate Diagnostic Private Limited', 'DELHI', 'New Delhi', NULL, NULL, 'WZ-113, Plot No. 55,56', 'Meenakshi Graden', '07520165571', '110018', '2012-07-19 13:03:06', '2012-07-19 13:03:06', NULL, NULL, NULL, NULL, NULL, NULL),
(369, 'SEABUCK CARE', 'DELHI', 'New Delhi', NULL, NULL, '87,1st floor ,Zamrudpur', 'chopra building,gk-1', '07090300977', '48,110048', '2012-07-21 16:25:18', '2012-07-21 16:25:18', NULL, NULL, NULL, NULL, NULL, NULL),
(370, 'Gaspari Nutritions Inc', 'MAHARASHTRA', NULL, NULL, NULL, NULL, NULL, '27GASPARI01', NULL, '2012-07-23 15:23:09', '2012-07-23 15:23:09', NULL, NULL, NULL, NULL, NULL, NULL),
(371, 'JAINIM EXIM', 'MAHARASHTRA', 'Mumbai', '9820064135', NULL, 'D-33- KAVITA SOCIETY , 90 FEET D.P ROAD', 'INDERPRASTH PARK, MULUND-EAST, MUMBAI', '27340902443', '400081', '2012-07-23 16:03:12', '2012-07-23 16:03:12', NULL, NULL, NULL, NULL, NULL, NULL),
(372, 'Mod Collections', 'DELHI', 'New Delhi', '9999688814', 'Pushpneet Singh', '16/31, Punjabi Bagh West', NULL, '07060208795', '11026', '2012-07-23 16:47:27', '2012-07-23 16:47:27', NULL, NULL, NULL, NULL, NULL, NULL),
(373, 'Sigma Sales & Services', 'PUNJAB', 'Jalandhar', NULL, NULL, '30/2,New Vijay Nagar,', 'Near Zandian wala peer', '03241135403', NULL, '2012-07-24 13:16:38', '2012-07-24 13:16:38', NULL, NULL, NULL, NULL, NULL, NULL),
(374, 'VIHAAN NATURAL HEALTHCARE PVT.LTD', 'MAHARASHTRA', NULL, NULL, NULL, NULL, NULL, '27880765861', NULL, '2012-07-25 15:06:35', '2012-07-25 15:06:35', NULL, NULL, NULL, NULL, NULL, NULL),
(375, 'M.S.International', 'MAHARASHTRA', 'Mumbai', '09920018503', 'Mr.Arshad', '566/70 Motilal Nagar Rd.No.1,', 'Next to Police Chowki,Goregaon (w)', '27xxxxxxxxx', '104', '2012-08-04 14:46:33', '2012-08-04 14:46:33', 'RevAyur, Jordana,NYX, Hollywood Style', NULL, 'arshshaikh79@gmail.com', NULL, '0', '40');
